Job Title,Company Name,Location,Salary,Job Classification,Job Sub Classification,Facility,Posted Date,Job Type,Job Description,More Detail,Job ID
DATA ANALYST STAFF,PT. Masabaru Gunapersada,Surabaya,Rp4.500.000 – Rp5.250.000 per month,Akuntansi,Analisis & Pelaporan,,2024-04-16,Full time,"Qualifications & experiencePendidikan minimal Diploma segala jurusan (diutamakan lulusan Akuntansi)Pengalaman kerja minimal 2 tahun dibidang Data Analyst (lebih diutamakan)Memahami dan mengerti proses/alur kerja Data AnalystTeliti, cermat, dan dapat bekerja mandiri maupun dalam timMampu bekerja di bawah tekanan dan terbiasa melakukan aktifitas outdoorBersedia bertugas di seluruh cabang perusahaan (seluruh Indonesia)Tasks & responsibilitiesBertanggung jawab terhadap proses bisnis divisi keuangan (meliputi : SOP, arus kas, dan arus bank)Bertanggung jawab terhadap proses bisnis divisi invoicing (mekanisme pemesanan barang, proses invoicing sampai dengan penagihan)Bertanggung jawab terhadap proses bisnis divisi Delivery dan inventory (mekanisme pengecekan stok, pengiriman barang, dan ketepatan waktu pengiriman)Mengindentifikasi pola, visualisasi data, dan pembuatan dashboard.BenefitsBPJS KesehatanBPJS Ketenagakerjaan",https://www.jobstreet.co.id/id/job/75150980?type=standout&ref=search-standalone,75150980
Science Teacher,Mawar Sharon Christian School,Surabaya,,Pendidikan & Pelatihan,Pengajaran – Pendidikan Dasar,,2024-04-24,Full time,"Science Teacher:Prepare for teaching the subject of Science (unit plan, assessment, project cover sheet, quiz, written test, handouts, assignments, et cetera)Being able to understand and constantly update the needs and development of primary studentsMaking analysis and evaluation of the learning outcomes of primary studentsRequirements:Support MSCS Vision and MissionBachelor's degree in a related fieldExperience required minimum 1 yearEnglish proficiency and experience in a similar field will be beneficialHonest, teamwork, good communication skills, open-minded, resourceful, energeticExperienced in teaching with Cambridge Curriculum is a plusWill be based in Surabaya",https://www.jobstreet.co.id/id/job/75376626?type=standard&ref=search-standalone,75376626
IT Application Support,PT. Artha Adipersada,Surabaya,,Teknologi Informasi & Komunikasi,Analis Bisnis/Sistem,,2024-04-24,Full time,"SYARAT :Pendidikan S1 Teknik Komputer / Ilmu Komputer / Teknologi InformasiMemiliki pengalaman minimal 1 tahun sebagai IT Application SupportMenguasai penuh Database (SQLServer)Mampu dengan cepat menguasai variasi bisnis proses yang berjalan di perusahaan (Pengalaman IT Application Support di industri Manufacture, retail, Logistik lebih disukai)Memiliki pemahaman dalam membantu user yang terkendala suatu masalah dalam aplikasiMengerti beberapa bahasa pemogramanNilai plus jika memahami .NETMemiliki analisa kuat ketika ada issueBisa join dalam waktu dekatPenempatan Kantor operasional Surabaya (Ngagel) TANGGUNG JAWAB :Membuat Query untuk kebutuhan reporting / analisakoordinasi dengan tim IT dan tim terkait dalam menunjang pelaksanaan kegiatan operasional.Menjawab pertanyaan/kendala atau permintaan terkait aplikasi & data dari userMenganalisa & melakukan up date data yang diperlukan oleh userMembuat laporan secara lengkap, akurat dan target waktu yang telah ditentukanMenggunakan Querry SQL untuk mengolah, menampilkan dan menyajikan data kepada pihak internal yang berkepentingan",https://www.jobstreet.co.id/id/job/75364719?type=standard&ref=search-standalone,75364719
"Governance, Risk and Compliance Specialist",PT Krakatau Karya Abadi,Surabaya,,Layanan & Pengembangan Masyarakat,Manajemen,,2024-04-23,Full time,"Governance, Risk and Compliance SpecialistPlacement in Surabaya (Hybrid) About SuperWe are a group of business enthusiasts, scientists, communicators, designers, productive mothers, and many more who are unified and unduly spirited to work towards one big vision and goal. As a leading social commerce platform in Indonesia, we aim to solve economic inequality distribution across rural areas by building agent networks and hyperlocal supply chains to make goods more affordable. Aplikasi Super goes beyond passion and creativity to decipher social issues in our surroundings. Key Responsibilities:Brainstorming to define governance structures, roles, and responsibilities to ensure effective decision-making and accountability.Collaborate with superiors in identifying potential risks, evaluating their potential impact, and working to implement risk mitigation plans based on reviews from superiors.Implement organizational compliance programs, ensuring compliance with relevant regulations and internal policies.Monitor regulatory changes, assess their impact on the business, and strive to maintain compliance.Collaborate with all functions in developing and updating internal policies and procedures to align with regulatory requirements and industry best practices, based on approval from superiors.Preparing reports on insights into organizational risk profiles, whistleblowing, gratuities, compliance status, and recommended improvement actions. Requirements:Minimum Bachelor&#39;s degree (S1) in Business Administration/Risk Management/Finance/Information Systems/Related field.Minimum 2-3 years in risk consulting/risk management.Have a strong understanding of relevant laws, regulations, and industry standards.Possesses skills in risk assessment, mitigation strategies, and crisis management.Demonstrate excellent communication skills for collaboration.Exhibit strong analytical and problem-solving abilities to address complex GRC challenges.Possesses writing skills to draft company regulations.Capable of being principled and ethical in handling confidential and sensitive information.Maintain a proactive and strategic mindset to drive GRC initiatives and promote a culture of compliance and risk awareness. Join SuperAt Super, we are continuously providing equal, unparalleled opportunities across various business operating pillars from operations, commercial, and technology for all candidates from diverse types of backgrounds and expertise.If you are someone with a high passion for delivering innovative work as part of your extraordinary career, are committed to self-integrity, enjoy working collaboratively, and are ready to work in an agile environment, you are very welcome to apply. You will also have tremendous opportunities to hone your functional skills and expertise in an area of specialization. The sheer variety of work we do, and the inherent experience of creating meaningful social impact it offers, provide an unbeatable platform from which to build a fulfilling career.#GabungSedulurSuper and help solve Indonesia&#39;s unequal economic distribution",https://www.jobstreet.co.id/id/job/75342982?type=standard&ref=search-standalone,75342982
Staf Data Administrator,Yayasan Pendidikan Kristen Gloria Surabaya,Surabaya,,Teknologi Informasi & Komunikasi,Pengembangan & Administrasi Database,"Menguasai SQL dan database system, Memiliki analytical, critical thingking dan communication skills",2024-04-22,Full time,"Kualifikasi Khusus:S1 Computer Science/Information System/Data Science (S2 dibidang yang sama atau terkait lebih diutamakan)IPK min 3,00Pria/WanitaMenguasai SQL dan Database systemMemiliki analytical, critical thingking dan communication skills yang baikdiutamakan yang telah memiliki pengalaman di bidang yang sama min. 3 tahun. Kualifikasi Umum:Memiliki visi dan misi yang sejalan dengan visi dan misi Sekolah Gloria.Bersedia menjalankan core value Sekolah Gloria dalam bekerja.Bersedia ditempatkan di lokasi Sekolah Gloria di mana saja (Surabaya).",https://www.jobstreet.co.id/id/job/75322916?type=standout&ref=search-standalone,75322916
Digital E-commerce Analis,PT. Artha Adipersada,Surabaya,,Pemasaran & Komunikasi,Pemasaran Digital & Pencarian,,2024-04-22,Full time,"Job Desc : Membuat dan Mengembangkan strategi digital dan e-commerce untuk memenuhi pendapatan penjualan platform digital  Berkolaborasi dengan tim internal untuk mengembangkan dan melaksanakan campaign digital e-commerce marketing. Paham dan Up to date dengan regulasi terkait digital e-commerce marketingTerbiasa membuat content plan / campaign plan dari e-commerce dan melaksanakannya, termasuk promotions bundles seperti Voucher, discount, flash sale, dsb.  Mengatur operasional digital & e-commerce setiap hari (produk, promosi, konten). Menganalisa data dan membuat laporan penjualan marketplaceBerkoordnasi dengan divisi lain untuk memastikan pengiriman setiap pesanan tidak mengalami kendala Syarat : Usia 27 - 35 tahunPendidikan minimal D1 Semua jurusanMemiliki pengalaman minimal 2 tahun di bidang Analis Digital Marketing & E-commerceMampu mengoperasikan komputer dan MS Office & PresentsiMemiliki kemampuan content writing & copywritingMemiliki pengalaman dalam membuat dan melaksanakan ads & Campaign di marketplace dan digital platformFamiliar dalam menggunakan tools promosi di marketplacePenempatan di Surabaya - Jawatimur",https://www.jobstreet.co.id/id/job/75323770?type=standard&ref=search-standalone,75323770
Sales Engineer LAB Instruments,PT Mettler Toledo Indonesia,Surabaya,Rp5.500.000 – Rp7.000.000 per month,Penjualan,Perwakilan/Konsultan Penjualan,"Global Environment, Health Insurance, + dental benefit, Company Car provided",2024-04-19,Full time,"Key Responsibilities:Understanding customer needs by communicating with customers.Sales Visit & presentation, provide significant information to customersTo become a  solution provider to client's needPrepare cost Estimates, by studying Customer needsRequirements:Candidate must possess at least Diploma, Bachelor's Degree in Chemistry or equivalent.Required language(s): EnglishAt least 2 Year(s) of working experience as Sales Engineer is required for this position.Required Skill(s): Analytical Skills, Chemical Skills, Instrumentation, Negotiation Skill, Presentation SkillPreferably Staff (non-management & non-supervisor) specialized in Sales - Engineering/Technical/IT or equivalent.Experience in handling analytical balance, moisture analyzer, pH meters & sensors, thermal analysis & othersFamiliar with GMP (Good Manufacturing Practices)Accustomed with clients in Food & Beverage; Pharmaceuticals, Chemical Industries and othersEnglish language is compulsoryHaving SIM A will be an advantageBenefits:Interesting PackageInternational EnvironmentGood self-development program",https://www.jobstreet.co.id/id/job/75273964?type=standout&ref=search-standalone,75273964
CREDIT ANALYST MOBIL - SIDOARJO,PT Mega Central Finance,Sidoarjo,,Perbankan & Layanan Finansial,Analisis & Pelaporan,,2024-04-24,Full time,"Tugas & Tanggung Jawab :Melakukan analisa kelayakan kredit calon konsumen berdasarkan data pengajuan kredit konsumenMelakukan analisa performance kredit dari bisnis yang terkait, dan memberikan rekomendasi kebijakan kredit yang perlu diterapkanMelakukan pengembangan system / process analisa kelayakan kredit konsumenKualifikasi :Usia maksimal 35 tahunMemiliki pengalaman di bidang credit / risk minimal 2 tahun di perusahaan pembiayaan Mobil, Motor & Dana TunaiPendidikan minimal S1 (semua jurusan)Dapat mengoperasikan komputer, Ms. Office dan terbiasa mengolah dataAnalitis, detail, tekun dan suka bekerja dengan angkaMemiliki standar kerja yang tinggiIndependent dan mampu bekerja di bawah tekananSiap mobile Penempatan : SIDOARJO",https://www.jobstreet.co.id/id/job/75369112?type=standard&ref=search-standalone,75369112
Mathematics Teacher,Yayasan Sarana Hubungan Harmonis Sejahtera,Surabaya,,Pendidikan & Pelatihan,Lainnya,"3 Languages School, Professional Development, Continuous Learning",2024-04-18,Full time,"Xin Zhong School is a trilingual school located in the east and west Surabaya. Currently, we are looking for energetic, passionate and dedicated teachers who are willing to grow with us General Requirements:25 - 45 years oldBachelor’s / Master / Doctoral Degree from a reputable local university or overseas universityFor International teacher must have appropriate qualifications for the area in which they will be teaching and have a minimum of 5 years teaching experience in that areaThe professional teaching certificate for teacher is a mustEnglish proficiency is a must, both written and spokenMust have impressive teaching qualifications in computer and update with new technologyAbility to work closely with others in a positive and collaborative environmentAbility to think creativelyDemonstrated ability in effective customer service development and outreach programs. If you meet the criteria, please send your application with CV (please include your email address in the CV), transcripts + diploma, current photograph, ID and other supporting documents",https://www.jobstreet.co.id/id/job/75219806?type=standout&ref=search-standalone,75219806
Science Teacher,Yayasan Sarana Hubungan Harmonis Sejahtera,Surabaya,,Pendidikan & Pelatihan,Lainnya,"3 Languages School, Professional Development, Continuous Learning",2024-04-18,Full time,"Xin Zhong School is a trilingual school located in the east and west Surabaya. Currently, we are looking for energetic, passionate and dedicated teachers who are willing to grow with usGeneral Requirements:25 - 45 years oldBachelor’s / Master / Doctoral Degree from a reputable local university or overseas universityFor International teacher must have appropriate qualifications for the area in which they will be teaching and have a minimum of 5 years teaching experience in that areaThe professional teaching certificate for teacher is a mustEnglish proficiency is a must, both written and spokenMust have impressive teaching qualifications in computer and update with new technologyAbility to work closely with others in a positive and collaborative environmentAbility to think creativelyDemonstrated ability in effective customer service development and outreach programs. If you meet the criteria, please send your application with CV (please include your email address in the CV), transcripts + diploma, current photograph, ID and other supporting documents",https://www.jobstreet.co.id/id/job/75219986?type=standout&ref=search-standalone,75219986
"Trainer Gadget, IOT, dan Drone",PT Doran Sukses Indonesia,Surabaya,,Ritel & Produk Konsumen,Lainnya,,2024-04-17,Full time,"Job Description:Memberikan training terhadap internal dan eksternal timMengikuti segala kegiatan aktivasi produk secara online dan offlineKualifikasi:Usia 22-30 tahunS1 semua jurusan, diutamakan Geodesi dan memahami pemetaanMemiliki pengalaman 1-2th sebagai trainer, diutamakanFamiliar dengan gadget, kamera, dan droneMemiliki skill komunikasi yang baikJujur dan mau bekerja kerasSiap untuk melakukan training kapan saja dan dimana sajaSiap bekerja di bawah tekanan",https://www.jobstreet.co.id/id/job/75188546?type=standout&ref=search-standalone,75188546
Admin,Doreni Pet Shop,Tegalsari,,Administrasi & Dukungan Perkantoran,Asisten Administratif,,2024-04-25,Full time,"Deskripsi Pekerjaan :Menyimpan catatan karyawan baik fisik maupun digitalMelakukan perawatan arsip data pelanggan maupun mitra eksternalMendistribusikan surat masuk dan keluarMenjaga catatan arsip karyawan baik dalam bentuk fisik maupun digitalMenyiapkan laporan dan presentasi rutinMengatur, menyimpan dan mencetak dokumen perusahaan sesuai dengan kebutuhanMenjawab dan mengalihkan panggilan teleponMengatur perjalanan bisnisMengupdate kebijakan kantorPersyaratan Pekerjaan :Memiliki pengetahuan mengenai kebijakan dan prosedur kantorBerpengalaman dalam menggunakan MS OfficeMemiliki keterampilan organisasi dan manajemen waktu yang baikMemiliki kemampuan komunikasi yang baik dalam verbal dan tulisanMemiliki atensi yang baik terhadap detail dan selalu berupaya untuk menyelesaikan masalahSMK/SMA atau tingkat pendidikan yang lebih tinggi, dan memiliki kualifikasi sebagai staff administrasi, atau sekretaris adalah nilai plusPersyaratan minimum:Mencari kandidat untuk bekerja pada:Senin: PagiSelasa: PagiRabu: PagiKamis: PagiJum'at: PagiSabtu: PagiMinggu: PagiDiperlukan 1 tahun pengalaman kerja yang relevan untuk posisi iniPelamar harus memiliki KTPTanggal mulai kerja: 29 April 2024",https://www.jobstreet.co.id/id/job/75410822?type=standard&ref=search-standalone,75410822
Business Executive,PT. BANGUN CIPTA MASA DEPAN,Surabaya,,Asuransi & Dana Pensiun,Manajemen,,2024-04-18,Full time,About usAZ Pro by Allianz Life Indonesia merupakan Life Changer Business System yang memiliki reward ‘Family Financial Security Network’ dengan misi memberikan proteksi dan income bagi seluruh keluarga Indonesia. Qualifications & experienceMinimal S1 sederajatDomisili Surabaya lebih diutamakanMemiliki kemampuan komunikasi yang baikMemiliki jaringan yang luas Tasks & responsibilitiesBertanggung jawab atas pengembangan sistem bisnis AZ Pro by AllianzMenyusun strategi serta konsep rekrutmen pada sistem bisnis AZ Pro by AllianzMemimpin dan memonitor pencapaian target dan kinerja timMelaksanakan strategi marketing untuk mengembankan bisnis AZ Pro by Allianz BenefitsMonthly IncomeFree Insuranceinformasi lebih lanjut : [email protected],https://www.jobstreet.co.id/id/job/75231813?type=standard&ref=search-standalone,75231813
Admin Data Input,Bassic Outdoor,Bulak,,Akuntansi,Pembukuan & Akuntansi Praktik Kecil,,2024-04-24,Full time,"dibutuhkan 2 orang admin data input dengan usia maksimal 30 tahun, dengan kreteria :-lulusan minimal sma-mahir excel atau sistem akuntansi-mengerti sistem stok (bigseller) menjadi nilai tambah-bisa bekerja dengan deadline-memahami alur pembukuan/akuntansiPersyaratan minimum:Mencari kandidat untuk bekerja pada:Senin: PagiSelasa: PagiRabu: PagiKamis: PagiJum'at: PagiSabtu: PagiDiperlukan 1 tahun pengalaman kerja yang relevan untuk posisi iniPelamar harus memiliki KTPTanggal mulai kerja: 01 May 2024",https://www.jobstreet.co.id/id/job/75380668?type=standard&ref=search-standalone,75380668
Data Entry,CV Akasia Trijaya,Sidoarjo,,Administrasi & Dukungan Perkantoran,Entri Data & Pengolahan Kata,,2024-04-23,Full time,"Kualifikasi :Usia 23 - 30 tahunPendidikan D3/S1 Teknik Informatika/AkuntansiMenguasai Ms. OfficeJujur, cekatan dan bertanggung jawabMemiliki ketelitian yang tinggiPenempatan Sidoarjo Tugas dan Tanggung Jawab :Mengelola dokumen kesekretariatan kantorMembantu pembuatan surat-menyuratMelakukan arsip data",https://www.jobstreet.co.id/id/job/75354037?type=standard&ref=search-standalone,75354037
Capster,Marvelous Barbershop Wiyung,Wiyung,,Keterampilan & Jasa,Tata Rambut & Kecantikan,,2024-04-24,Full time,kualifikasijujur dan disiplinbertanggung jawabmengikuti model rambutcepat dan tanggapdeskripsimenjaga kebersihan tempatbertanggung jawab dengan semua pelayanan yang di berikankeramas rambut customerPersyaratan minimum:Tersedia jam fleksibelTidak diperlukan pengalaman kerja untuk posisi iniPelamar harus memiliki KTP,https://www.jobstreet.co.id/id/job/75387508?type=standard&ref=search-standalone,75387508
Process Improvement Analyst Staff (Surabaya),PT Kapal Api Global,Surabaya,,Teknologi Informasi & Komunikasi,Analis Bisnis/Sistem,,2024-04-17,Full time,"Are you seeking for your next challenge? We are looking a Process Improvement Staff to join with us. What you will do :Develop and improve infrastructure system managementDevelop operational performance measurement frameworksMonitor operational process in all business unit We are looking for you who :Minimum Bachelor Degree, majoring in Technic/Statistic with minimum GPA 3.00Have 1 years experience in Improvement or Data Analytics (Fresh graduates are welcome to apply)Have knowledge about Improvement ConceptExcel in Data Analytics tools such as Excel, MinitabWilling to go on a business trip What you will get :Accelerated growth & plenty of learning opportunitiesDemanding & Supportive environment",https://www.jobstreet.co.id/id/job/75202356?type=standard&ref=search-standalone,75202356
Karyawan Klinik,Klinik Qualita Medika,Surabaya,,Administrasi & Dukungan Perkantoran,Entri Data & Pengolahan Kata,,2024-04-23,Full time,Kualifikasi : Memiliki pengalaman dibidangnyaMinimal lulusan D3 PerawatSTR aktifDiutamakan domisili SurabayaBisa bekerja secara timBersedia kerja shift,https://www.jobstreet.co.id/id/job/75346224?type=standard&ref=search-standalone,75346224
DATA ANALYST,Putra Adhi Perkasa,Surabaya,,Teknologi Informasi & Komunikasi,Pengembangan & Administrasi Database,"Gaji Pokok dan insentif, Lingkungan kantor yang nyaman, Partner kerja yang supportif",2024-04-16,Full time,PT. Putera Adhi Perkasa merupakan supplier aksesoris bangunan tangan pertama yang bergerak dalam bidang sanitary & architectural hardware yang bertempat di Surabaya. Membuka lowongan pekerjaan untuk posisi Data Analyst.Kualifikasi: - Usia minimal 25 tahun- Pendidikan minimal SMA/SMK Sederajat- Memiliki pengalaman minimal 1 tahun di bidangnya (fresh graduate dipersilahkan melamar)- Mahir Microsoft Office terutama MS Excel- Memiliki daya analis yang baik dan sistematisJobdesk: - Melakukan analisa database- Mengembangkan database yang sudah ada- Melakukan monitoring terhadap data yang dikelola - Mempersiapkan laporan data yang jelas dan ringkas sesuai kebutuhan- Mengumpulkan dan menganalisa data untuk laporan kepada atasan,https://www.jobstreet.co.id/id/job/75164880?type=standout&ref=search-standalone,75164880
MATHEMATIC TEACHERS,YAYASAN INTAN EDUKA - IPH SCHOOLS,Surabaya,,Pendidikan & Pelatihan,Pengajaran – Pendidikan Dasar,,2024-04-17,Full time,"QUALIFICATIONS :Have passion in teaching and love ChildrenHave great leadership skills and pleasing personalityExhibit excellent communication and interpersonal skillsComputer and technology LiterateFluent in spoken and written EnglishBachelor Graduates / Master Degree in Mathematic or related fieldsFamiliar with Cambridge CurriculumJob description:Preparing and delivering lessons to a range of classesMarking work, giving appropriate feedback and maintaining records of pupils progress and development.Talk to parents for any issues of the children, discuss and give advice and suggestions to parents who require helps.",https://www.jobstreet.co.id/id/job/75182236?type=standard&ref=search-standalone,75182236
SALES EXECUTIVE INDUSTRY PETROCHEMICAL,PT Elo Karsa Utama,Surabaya,,Penjualan,Manajemen Akun & Relasi,,2024-04-17,Full time,"KualifikasiS1/S2 jurusan Kimia / Fisika / BiologiMengerti dan mampu mengoperasikan alat HPLC, Chromatography, General Lab.Memiliki Pengalaman sebagai sales dan memiliki kemampuan salesmanship yang baik.Bisa berbicara Bahasa Inggris (spoken & written).Memiliki SIM A Tugas dan Tanggung JawabMaintain existing account & mengembangkan pelanggan baru untuk industri industri petrochemical, mining, lab service, automotiveMonitor proses transaksi customerMencapai Target individu yang ditentukan.Membuat weekly call visit and realization.Memastikan visit plan yang efektif dan efisien tiap bulan,sehingga tak ada customers yang tidak diperhatikan.Memberi informasi competitors secara regular ke supervisor/manager dan product specialists",https://www.jobstreet.co.id/id/job/75183175?type=standout&ref=search-standalone,75183175
Regional Manager Insurance - Surabaya,PT Asuransi Jiwa Starinvestama,Surabaya,"Rp12,500,000 – Rp18,000,000 per month",Asuransi & Dana Pensiun,Manajemen,,2024-04-16,Full time,"JOB PURPOSE Mencapai target tahunan yang diberikan oleh management dengan membangun dan membantu tim dalam melakukan proses penjualan produk-produk yang ada. JOB RESPONSIBILITIESBekerja secara mandiri dan sebagai bagian dari tim untuk mencapai serta melampaui target penjualan. Memberi saran/advice kepada customer tentang penempatan produk sesuai dengan kebutuhan mereka. Mengelola Marketing/Sales, memantau kegiatan dan memastikan kode etik ditegakkan dalam setiap kegiatan Mempertahankan hubungan dengan customer dan memperoleh prospek bisnis baru menggunakan jaringan, inovasi, dan keterampilan interpersonal Memastikan pemahaman dan pengetahuan yang mendalam tentang produk yang dijual sehingga tidak terjadi miss selling. Mengikuti standar perusahaan dalam meningkatkan kualitas kepuasan customer. Memahami tujuan penjualan dan memberikan bantuan dalam menyusun rencana bisnis. Memiliki dan mengoordinasikan upaya untuk memenuhi tujuan.Menilai kembali tujuan dan hambatan dengan tim penjualan jika diperlukan. Mencapai target dan sasaran penjualan tahunan. JOB REQUIREMENTPendidikan : Minimal S1 di bidang Administrasi Bisnis, Pemasaran, jurusan terkaitPengalaman Kerja: Minimal 3 tahun dalam sales dan marketing atau bidang profesional terkait di industri perbankan atau asuransi.Keterampilan analitis dan kuantitatif yang kuatKeterampilan manajemen interpersonal dan orang yang baik.Kepemimpinan yang kuat dan keterampilan membangun timKekuatan dalam pemecahan masalah, penyelesaian masalah, kemampuan untuk bekerja di lingkungan kerja yang didorong oleh tenggat waktu, perhatian terhadap detail, dan kemampuan untuk melakukan banyak tugas.Pemahaman yang kuat tentang proses penjualan dan praktikKemampuan komunikasi dan negosiasi yang luar biasa.Pola pikir analitis untuk pengambilan keputusan berdasarkan data.Bersedia untuk berpergian sesuai kebutuhan",https://www.jobstreet.co.id/id/job/75164609?type=standout&ref=search-standalone,75164609
Business Analyst Staff,PT. Platinum Ceramics Industry,Surabaya,"Rp4,800,000 – Rp5,200,000 per month",Teknologi Informasi & Komunikasi,Pengembangan & Administrasi Database,,2024-04-24,Full time,"QualificationCandidate must possess at least Bachelor's Degree with Statistic, Mathematic, or Accounting majorRequired language(s): EnglishAt least 2 Years of working experience in the related field like sales or marketing analystRequired Skills: Microsoft Office (excel), familiar with pivot, vlookup, & hlookupPlacement at Head Office (Surabaya)Able to join as soon as possible",https://www.jobstreet.co.id/id/job/75131910?type=standard&ref=search-standalone,75131910
Operational Support,PT. Sapta Visi Dinamika,Surabaya,Rp4.725.479 – Rp5.000.000 per month,Teknologi Informasi & Komunikasi,Administrasi Jaringan & Sistem,Are You Dedicated solutions-focused Compasionate!,2024-04-24,Full time,"Kami merupakan perusahaan yang bergerak di bidang software house yang dipercaya oleh klien baik dari perusahaan skala besar maupun menengah. Kami peduli dengan kualitas kerja dan keseimbangan kehidupan kerja tim yang semuanya bertujuan untuk memberikan layanan terbaik bagi klien Deskripsi PekerjaanBerkontribusi untuk mengelola, memelihara dan memperbaiki sistem terkait teknis secara umum untuk Aplikasi Super.Tanggung jawab utama termasuk mendiagnosis dan memperbaiki kesalahan, menyelesaikan masalah jaringan, dan menginstal serta mengkonfigurasi perangkat keras dan perangkat lunak.Peran ini harus mampu berkomunikasi dengan pengguna serta membuat dokumentasi tertulis dengan komunikasi verbal yang baik Tanggung JawabBertanggung jawab untuk memantau kinerja harian sistem teknis perusahaan secara umumMenangani pengoperasian perangkat lunak atau perangkat keras komputer perusahaan dan menyelesaikan masalah bagi semua pengguna.Menyiapkan instalasi perusahaan termasuk sistem operasi, jaringan, dan kebutuhan kantor terkait dan memastikan semuanya berfungsi dengan baik.Memiliki pengalaman dalam menginstal perangkat lunak dan melakukan perbaikan kecil serta pemecahan masalah peralatan kantor, seperti laptop, komputer, dan urusan instalasi lainnya.Bertanggung jawab dalam memberikan respons terhadap masalah layanan dan permintaan pengguna.Bersikap terbuka terhadap kemajuan teknologi baru dan mampu menerapkannya jika diperlukan.Mengganti atau memperbaiki bagian-bagian yang diperlukan terutama untuk perangkat",https://www.jobstreet.co.id/id/job/75131149?type=standout&ref=search-standalone,75131149
Software QC Lead,PT AZLOGISTIC DOT COM,Surabaya,,Teknologi Informasi & Komunikasi,Uji Coba & Penjaminan Mutu,,2024-04-24,Full time,"Qualifications:Bachelor's Degree in Computer Science, Information Technology, or related fieldsAt least 2-3 years of working experience in a management-level position as QC LeadHave experience in controlling a team's project with the target and deadline givenHave experience using manual testingHave experience using Automation Testing on Websites or Apps (Katalon will be preferred)Sharp attention to detail, strong analytical, and excellent problem-solvingGreat team player, effective leadership, and good communication skillsPlacement : Surabaya (WFO)",https://www.jobstreet.co.id/id/job/75133300?type=standout&ref=search-standalone,75133300
Bidan,PMB Irsyadatus Syarifah,Surabaya,,Kesehatan & Medis,Penelitian Klinis/Medis,,2024-04-17,Full time,"KualifikasiPendidikan D3 KebidananMemiliki STR AktifMemiliki sertifikat APNPengalaman kerja minimal 6 bulanRajin dan seriusDeskripsi PekerjaanMemberikan asuhan kebidanan pada masa kehamilan normal.Memberikan asuhan kebidanan pada masa persalinan dan menolong persalinan normal.Memberikan asuhan kebidanan pada masa nifas.Melakukan pertolongan pertama kegawatdaruratan ibu hamil, bersalin, nifas, dan rujukan.Melakukan deteksi dini kasus risiko dan komplikasi pada masa kehamilan, masa persalinan,",https://www.jobstreet.co.id/id/job/75198553?type=standard&ref=search-standalone,75198553
SALES ENGINEER,PT Arisma Data Setia,Sidoarjo,,Teknologi Informasi & Komunikasi,Penjualan – Pra & Pasca,"Compensation and Benefit, Career, Work-Life Balance",2024-04-18,Kontrak,"Deskripsi Pekerjaan :Mencari kandidat untuk dijadikan prospekMencari opportunity pada prospekMemberikan solusi atas kebutuhan prospekMelakukan presentasi dan penawaranMelakukan follow up dan negosiasiMelakukan pelaporan forecast dan input data di CRM Kualifikasi :Pendidikan minimal D3 untuk semua jurusan (diutamakan jurusan Teknik)Pengalaman min. 2 tahun sebagai Sales Engineer (B2B)Pengalaman min. 2 tahun sebagai Engineer (Mechanical, Electrical, Construction)Memiliki kemampuan argumentasi yang baik dan mempunyai pemikiran analitisMemiliki pengetahuan dan kemampuan sebagai seorang sales (B2B)Memahami kegiatan di dunia industri (Mechanical, Electrical, Construction)Berorientasi pada hasil, tidak mudah menyerah, dapat bekerja dalam tekananBerpenampilan menarik, dan dapat menjadi pribadi yang menyenangkanPenempatan di Sidoarjo Jawa Timur",https://www.jobstreet.co.id/id/job/75228690?type=standout&ref=search-standalone,75228690
Admin Produk Monitoring (Admin PM),PT Harrisma Wisesajaya,Surabaya,Rp3.500.000 – Rp5.000.000 per month,Administrasi & Dukungan Perkantoran,Asisten Administratif,,2024-04-24,Full time,"PT Harrisma Wisesajaya merupakan Perusahaan IT Hardware & Solution yang berpengalaman 30 tahun dalam menangani project pengadaan IT baik di perusahaan swasta maupun instansi pemerintahan.Perusahaan sangat berkomitmen dengan setiap pelayanan yang terbaik untuk customer dan berusaha untuk menepati setiap komitmen yang dibuat dalam transaksi penjualan sehingga sangat membantu dalam menjalin hubungan baik dengan customerLingkungan kerja yang kompak dan hangat membuat admin produk monitoring (admin PM) bersemangat untuk membantu team penjualan dalam memberikan referensi produk yang sesuai dengan kebutuhan customer  Saat ini kami sedang mencari beberapa admin produk monitoring (admin PM) yang menangani pengadaan di pemerintahan , diutamakan yang sudah punya pengalaman menangani project pemerintahan di e-katalog LKPP Benefit yang di dapat:Gaji + komisi Back officeBimbingan dan support dari Manager untuk berhasilAsuransi kesehatan dan ketenagakerjaanTour wisata tiap tahunKirimkan segera lamaran anda di alamat email [email protected] atau kirim melalui WA 082143435500",https://www.jobstreet.co.id/id/job/75141317?type=standard&ref=search-standalone,75141317
"Premier Bancassurance Life Consultant (Surabaya, Sidoarjo, Gresik)",PT AIA FINANCIAL,Surabaya,,Perbankan & Layanan Finansial,Layanan Klien,,2024-04-24,Kontrak,"Realize Your Big Ambition, Achieve Your Big Dream! Become an AIA Partner as Premier Bancassurance Life Consultant and maximize your potential to earn unlimited income. The only limitation is you! AIA is one of the largest insurance companies in Asia and also one of the leading insurance companies in Indonesia in the field of Bancassurance. Joining AIA Premier Bancassurance Life Consultant (PBLC) means that you will gain experience working in insurance as well as in banking. In addition, AIA partners with the largest and leading banking institutions in Indonesia so as to provide you with an opportunity to develop your network in these brands to the fullest. As a PBLC, you will be placed in one of the bank branches affiliated with AIA, where You can provide protection and investment solutions that suit your customers' needs. As a PBLC AIA partner, you will enjoy various benefits, including: Comprehensive certification and trainingClear career pathAttend the Annual Star Summit which is spread all over the world every yearGet one of the most attractive commission schemes in the Bancassurance fieldAnd of course, they get various attractive promos as a result of AIA's collaboration with English football club Tottenham Hotspur  The assignment of responsibilities:Selling AIA insurance products at BANK PARTNER in collaboration with AIA FinancialEstablish good communication & cooperation with all BANK staffMake monthly sales productivity reports on a regular basis Requirements:S1/D3 EducationMust have experience in Bancassurance / Relationship Manager at least 2 years from the LIFE INSURANCE & BANKING industryGood communication and interpersonal skillsHave high work motivation and ready to target pressure.Willing to be placed in all Bank Partner branches in Surabaya Area Update your JobStreet account profile & submit your completed application!",https://www.jobstreet.co.id/id/job/75124332?type=standard&ref=search-standalone,75124332
Social Media & Administrasi,,Surabaya,"Rp2,500,000 – Rp3,250,000 per month",Administrasi & Dukungan Perkantoran,Administrasi Klien & Penjualan,"Social Media Enthusiast, Administrative Specialist",2024-04-24,Full time,"Requirements : Excellent in verbal & written communication skillAbility to multitask, prioritize & manage time Smart & logical thinkingWorking Knowledge of Simple Editing & Social Media will be an AdvantageProficient in Social Media Management will be a plus (Instagram / TikTok)ResponsibleDiscipline & punctualHard-workBasic English (Daily)Fast ResponseJob Description : Arrange weekly schedule & booking order for customer Communicate with team to make sure all requirement bookings is applied : schedule, promotion, class, description about product, etc.Administration & Simple Social Media Management (Content Planning, KOL Management, Promotional Planning, etc.)",https://www.jobstreet.co.id/id/job/75110820?type=standout&ref=search-standalone,75110820
IT Foreman for Continuous Improvement,PT Multi Spunindo Jaya Tbk.,Sidoarjo,,"Pertambangan, Sumber Daya Alam & Energi",Pertambangan – Operasional,,2024-04-18,Full time,"Candidates must have at least a Diploma degree in information system/engineering.Hard skills needed: Programmer, database system, software engineering, system analyst, SAP, Visual Basic, Delphi, Python, C#, C++, Java, PHP, SQL, etc.Soft skills needed: leadership, working independently and team, analytical thinking; systematic thinking, adaptable, fast learning, and communicative.Languages needed: English, Indonesian.At least 2 years of related experience (Manufacture Industry)Full time position available.",https://www.jobstreet.co.id/id/job/75217577?type=standard&ref=search-standalone,75217577
SAP Specialist,PT. INTEGRA INDO LESTARI,Sidoarjo,,Teknologi Informasi & Komunikasi,Analis Bisnis/Sistem,,2024-04-17,Full time,"Job Qualifications:Bachelor degree in any discipline2-5 years work experience as a data analyst or product managementKnowledge of testing processes and the ability to develop and execute test casesKnowledge of SAP modules relevant to the project & Strong understanding of business processes and requirementsExcellent communication and interpersonal skillsStrong analytical and problem-solving skillsExperience in coaching and training end-users on SAP usage and best practices.Advance with excel (able to perform complex formula, data analysis, and conditional formatting. Job Descriptions:Work closely with business stakeholders to understand their requirements and map their business processes to SAPCreate the functional specification documents for SAP configuration and customizationProvide coaching and training to end-users on SAP usage and best practicesParticipate in the data cleansing and migration process to ensure the data is accurate and completeAssist in the development of test cases and participate in testing to ensure the system meets the business requirements",https://www.jobstreet.co.id/id/job/75200043?type=standard&ref=search-standalone,75200043
"Bancassurance Specialist (Surabaya, Sidoarjo, Banyuwangi, Bangkalan)",PT Asuransi Jiwa IFG,Jawa Timur,"Rp3,500,000 – Rp4,000,000 per month",Perbankan & Layanan Finansial,Layanan Klien,"Bonus, Jenjang Karir",2024-04-22,Full time,"Deskripsi pekerjaan Bancassurance Specialist PT Asuransi Jiwa IFG Tanggung Jawab Utama :Bertanggung jawab untuk membangun, membina dan menjaga relationship dengan Bank Partner Uraian Pekerjaan :Berkolaborasi dengan cabang bank partner untuk Pencapaian target penjualan bancassurance di cabang penempatanMemberikan pembinaan dan pengawalan bisnis kepada bank staffMembangun dan menjaga relationship dengan bank partnerMemberikan layanan atas service level agreement (SLA) penjualan dan layanan after sales service bancassurance kepada nasabah bank partnerMenjadi penghubung antara kantor pusat IFG Life dengan nasabah dan bank partner terkait bisnis bancassuranceBerkoordinasi dengan Leader dalam melaksanakan tugas, membuat planning dan evaluasi harian mengacu kepad Key Performance Indikator (KPI)Mengirimkan daily report, registrasi form, development FDS dan laporan absenMembantu seluruh nasabah dan bank partner untuk pelayanan Klaim dan after sales sesuai dengan SLA KualifikasiMin - D3 semua jurusanMemiliki komunikasi yang baikMemiliki passion di bidang salesBersedia ditempatkan di Kantor Cabang Bank Partner",https://www.jobstreet.co.id/id/job/75321956?type=standout&ref=search-standalone,75321956
Product Manager,PT Cahaya Poles Mulia,Surabaya,,Teknik,Teknik Kimia,,2024-04-23,Full time,"Kami PT. Cahaya Poles Mulia adalah satu-satunya produsen Poles di Indonesia yang sudah dipercaya oleh beberapa perusahaan terkemuka, dan juga di ekspor ke beberapa negara seperti Italia, Jepang, Vietnam, dan masih banyak lagi. PT. Cahaya Poles Mulia berdiri sejak tahun 1994 dan menjalankan bisnis secara B2B.Pada tahun 2020 PT. Cahaya Poles Mulia, mengembangkan bisnisnya ke pasar retail & membuat brand pembersih bernama POLKI. Saat ini POLKI sudah tersebar diseluruh Indonesia, juga di Malaysia & Singapura, hingga kini POLKI telah membantu lebih dari 500.000 masyarakat Indonesia untuk memudahkan mereka dalam bebersih.Kami tunggu CV Anda untuk berkontribusi bersama Tim PT. Cahaya Poles Mulia untuk bergabung dan menjadi bagian dari Tim kami.URAIAN PEKERJAAN :Melakukan analisa dan riset kebutuhan produk pasarMelakukan koordinasi dengan tim untuk road map pengembangan produkMenjadi presenter dan promotor produkBertindak sebagai inovator dan menjaga main value produkMengawal proses pengembangan produk KUALIFIKASI :Perempuan/Laki-Laki maksimal usia 45 tahunPendidikan S1 Teknik KimiaMemiliki pengalaman 5 tahun bekerja di bidang R&DMemiliki sertifikasi pelatihan product managerFamiliar dengan instrumen lab (particle analyzer, mikroskop), product creationMahir dengan alat ukur (PH, Kekentalan)Pamahaman pengurusan perizinan (stabilitas, Halal), ISO 9001, 17025Penempatan Darmo Permai Selatan, Surabaya BaratHanya jika Anda memenuhi kriteria, ACTION sekarang juga!Kirim CV + COPY SERTIFIKAT PENDUKUNG AndaSemua CV akan ditangani dengan sangat rahasia dan hanya kandidat terpilih yang akan dihubungiPengumuman :● PT. Cahaya Poles Mulia tidak pernah memungut biaya apapun dalam proses rekrutmen.● PT. Cahaya Poles Mulia tidak pernah bekerja sama dengan travel agent / biro perjalanan tertentu dalam proses rekrutmen.● Apabila Anda diminta untuk membayar sejumlah uang dalam bentuk pembayaran tiket pesawat, hotel atau hal lainnya agar diabaikan.● Jangan memberikan data pribadi atau data keuangan Anda kepada siapapun.● Jika membutuhkan klarifikasi lebih lanjut dapat langsung menghubungi Team Recruitment PT. Cahaya Poles Mulia",https://www.jobstreet.co.id/id/job/74951509?type=standard&ref=search-standalone,74951509
PRESALES IT,PT Anugrah Pratama Informatika,Surabaya,,Teknologi Informasi & Komunikasi,Administrasi Jaringan & Sistem,,2024-04-23,Full time,"Tugas dan tanggung jawab pekerjaan:Membantu tim sales dalam melakukan aktifitas penjualan solusi perangkat IT Infrastruktur Data Center baik Server, Storage, Virtualisasi, Containerization, Network Data Center (LAN).Membuat solusi proposal sesuai dengan kebutuhan pelanggan yang relevan.Bekerjasama dengan tim Business Unit dalam merancang solusi perangkat IT infrastruktur data center yang akan ditawarkan ke pelanggan.Mendukung tim sales dalam proses penjualan termasuk presentasi teknis, sizing kebutuhan dan pembuatan penawaran.Membantu proses Proof of Concept dalam menawarkan solusi ke customer khususnya network jaringan corporate.Mendukung kebutuhan tender seperti Aanwizjing, pembuatan proposal dan presentasi teknis.Menyiapkan dokumentasi internal terkait solusi yang dibawa. Kualifikasi:Usia max. 35 tahunPendidikan min. D3 Teknik Informatika/ Sistem InformasiPengalaman min. 2 tahun dalam melakukan implementasi, sizingMenguasai teknologi network security seperti NGFW, Proxy, SIEM Memiliki sertifikasi Security level Associate seperti CCNA security, Fortinet, Palo Alto/ Checkpoint.Memiliki kemampuan komunikasi yang baik dan mampu bekerjasama dalam tim.Penempatan di Surabaya",https://www.jobstreet.co.id/id/job/74951770?type=standard&ref=search-standalone,74951770
Marketing Data Analyst Supervisor,PT Tiga Berlian Mandiri,Surabaya,,Teknologi Informasi & Komunikasi,Analis Bisnis/Sistem,"Best Achievement Employee, Bonus Tahunan, Award tahunan",2024-04-23,Full time,"Kualifikasi :1. Pendidikan min S1-Statistika2. Berpengalaman sebagai Analis min. 5 tahun 3. Cermat mengamati data anomali4. Memiliki kemampuan excel tingkat lanjut dan minitab5. Memiliki kemampuan analisa data, visualisasi data, komunikasi, kreativitas, dan problem solving yang baik6. Memahami program CRM / ERP / HRIS7. Terbiasa handle tim",https://www.jobstreet.co.id/id/job/74919615?type=standout&ref=search-standalone,74919615
Sistem Informasi Staff,PT Globe Intertrans,Surabaya,"Rp4,500,000 – Rp5,000,000 per month",Teknologi Informasi & Komunikasi,Analis Bisnis/Sistem,"BPJS Kesehatan dan Ketenagakerjaan, Bonus tahunan & Reward",2024-04-23,Kontrak,"Kualifikasi:Usia maksimal 35Pendidikan D3/ S1 SistemInformasi / TeknikInformatika / SejenisMempunyai pengalaman di bidang Busssines Proses dan FlowchartMempunyai Konsep dasar PemrogramanMempunyai kemampuan Menganalisa dan logika dengan baikMemiliki Kemampuan Pembuatan Flowchart dengan baikMemiliki kemampuan dasar akutansiMemiliki Kemampuan Microsoft ExcelMampu bekerja dengan TeamDeskripsi Pekerjaan:Menerjemahkan keinginan user atau penggunasistem informasi menjadi rancangan sistem teknologi informasi.Koordinasi dengan pihak terkaitKeuntungan:Mendapatkan Gaji UP TO 5 jutaMendapatkan Asuransi Kesehatan,Ketenagerjaan dan PensiunMenjadi karyawan tetap",https://www.jobstreet.co.id/id/job/74914202?type=standout&ref=search-standalone,74914202
Data Administrator Intern,PT Otto Menara Globalindo (McEasy),Surabaya,,Administrasi & Dukungan Perkantoran,Entri Data & Pengolahan Kata,,2024-04-23,Paruh waktu,"Job Description:Collecting information on prospective customers who are sales targets from various sources of information available both online and offline.Ensure information is filled in correctly and accurately in various online directories and other sources of information.Conduct cross-reference checks on information in the Company's CRM system Qualifications:Minimum D3 majoring in business, management, statistics/equivalent, fresh graduates are welcome to applyHave the ability to multitaskHave good communication skills and analytical thinking.Have good administrative skills.Has internship experience in the field of data collection or telemarketing.Have a good research skill based on online source (social media, directory, etc) Placement : Surabaya",https://www.jobstreet.co.id/id/job/74916543?type=standard&ref=search-standalone,74916543
Executive Assistant,PT Tiga Berlian Mandiri,Surabaya,,CEO & Manajemen Umum,Penunjukan Dewan,"Bonus Tahunan, Award Karyawan Terbaik, Birthday Gift",2024-04-23,Full time,"Uraian Tugas:Menyiapkan laporan analisis akhir agar Direktur dapat memahami langkah-langkah analisis data, sehingga memungkinkan Manajemen mengambil keputusan penting berdasarkan berbagai fakta dan tren.Mengorganisasi tugas dan kegiatan Direktur, termasuk penerimaan dan penanganan segala informasi dari Departemen terkait. Menyiapkan dan menyiapkan materi rapat dan melaporkannya dalam Risalah Rapat (MoM). Kualifikasi:Memiliki kemampuan bernalar dan analisa yang baikMemiliki inisiatif dan mampu bekerja secara mandiriTerbiasa bekerja dengan detil, teliti, dan rapi  Terbiasa multitaskingMemiliki keterampilan interpersonal dan komunikasi yang baik, meski dalam situasi formal mauoun nonformal",https://www.jobstreet.co.id/id/job/74927761?type=standout&ref=search-standalone,74927761
MEDICAL AESTHETICS DOCTOR (Basic + Commission),Astute Medical Holdings Pte. Ltd.,Surabaya,"Rp15,000,000 – Rp22,000,000 per month",Kesehatan & Medis,Spesialis Medis,"Positive work environment that fosters growth and development., The chance to work closely with Singaporean medical culture and treatments, Opportunities for media exposure, including collaborations with celebrities.",2024-04-23,Full time,"Job Description:Conducting consultations with patients and developing patient treatment plans for Aesthetics and Trichology. Promote a friendly, warm and exceptional customer experience with the ability to cross-referrals to other Astute subsidiaries.Developing and directing various clinical research study projects related to company treatments, skincare products, trichology, and medical devices. Perform activities that help with promoting clinic services such as visiting doctors’ clinics, conducting public educational seminars, workshops, masterclasses and etc. Employee education as well as participation in the development of training programs related to the treatments and products being sold by the company.Write articles for the company’s social media platforms not limited to Facebook, Instagram or Website and etcCollaborate with the medical board to update, amend, and replace medical policiesAct as the medical expert in dealing with vendors or suppliers, and non-medical facilities that work within the organization.Participating in the oversight of the quality assurance and quality improvement programs related to the company’s activities, and ensuring that outlet employees are complying with medical licensing policies when providing care.Ensuring that the company is compliant with regulations and certifications relating to Local Authority: MOH, NEA, and other licensing matters, device use, and training.Overseeing medical record maintenance to ensure the Organization and the outlet’s programs meet all local and federal regulations and are compliant with all the rules and regulations as implemented by the Local law for the medical industry.  Ensure that the company maintains appropriate electronic and paper records.To recruit and manage junior physicians and responsible for the training, continuing education, and promotion of subordinate staff.To examine and coordinate various practice activities to guarantee the medical quality of the facility Requirements:Prior Experience in Aesthetics or related industry will be an advantage.At least 1 Year(s) of working experience in the related field is required for this position.   Company overview:Astute Medical Holdings (Singapore) has been a trailblazer in delivering medical expertise and aesthetic solutions to enhance your desired appearance since 2017. With a dedicated team of experienced medical doctors and consultants boasting a solid track record within the industry, we are committed to augmenting your natural beauty through cutting-edge technology and specialized medical knowledge.Recognizing the significance of tailoring treatment programs to address individual concerns related to the face, skin, body, and hair, we ensure that each client achieves their desired goals and results. Innovation is ingrained in our brand ethos, as we continually refine and develop our treatments to deliver optimal results tailored to the unique needs of our clients. IndustryAesthetics & Beauty Services Company size11-50 employees At Astute Medical Holdings (Singapore), we function as a highly experienced and dynamic Aesthetic Medical Clinic, supported by seasoned Senior Aestheticians and a team of Partners with established and successful Healthcare Practices. Through strategic partnerships with Aesthetic Machine Suppliers, our doctors gain direct access to the latest aesthetic technology, enabling us to better meet the expectations of our clients. We are deeply committed to a structured protocol that nurtures growth and development in Singapore, with aspirations to inspire further expansion across Southeast Asia. Surabaya has been earmarked as our initial launch city in the region.If you possess a fervent passion for staying abreast of the latest trends in aesthetics and thrive in an environment that champions continuous improvement, we extend a warm invitation for you to lead our experienced team. Why join us?Opportunity to join a dynamic company with the potential for personal and career growth within the organization.Positive work environment that fosters growth and development.Opportunities for media exposure, including collaborations with celebrities.The chance to work closely with Singaporean medical culture and treatments, addressing all aesthetic concerns comprehensively.",https://www.jobstreet.co.id/id/job/74669077?type=standout&ref=search-standalone,74669077
Web Programmer (Trenggalek),PT Jasamedika Saranatama,Jawa Timur,,Teknologi Informasi & Komunikasi,Developer/Programmer,,2024-04-19,Full time,"Deskripsi PekerjaanKualifikasi:Pendidikan D3 atau S1 (Teknik Informatika/Manajemen Informatika/Sistem Informatika/Teknik Komputer)Memiliki pengalaman minimal selama 2 tahunMemiliki inisiatif tinggi dan teliti dan mampu berkomunikasi dengan baikMenguasai Bahasa pemograman PHPMemiliki pengalaman menggunakan Framework PHP: LaravelMemiliki pengalaman menggunakan VueJS, AngularJSMenguasai Databse PostgreSQL, MongoDBTerbiasa dengan mendokumentasikan Code yang dibuatDiutamakan untuk yang berdomisili di Trenggalek dan Sekitarnya​Bersedia untuk melakukan pejalanan keluar kota Deskripsi Pekerjaan:Melakukan support aplikasi/ produk yang diimplementasikan, melakukan penambahan–penambahan dalam sebuah aplikasi/ produk sesuai permintaan user, serta melakukan maintainance dan troubleshooting.Bertanggung jawab terhadap keakuratan pengerjaan customize dan change request sesuai dengan kebutuhan userMembangun aplikasi sesuai rancangan perencanaanMelakukan komunikasi dengan Business Process Analyst dalam menerima dara requirement, change request, master data, gap analyst dan informasi lain.Mengimplementasikan coding stored procedure (Repository, presenter, view dan service) yang diperlukan dalam aplikasi sesuai dengan struktur dan standar penulisan code yang telah ditentukan.",https://www.jobstreet.co.id/id/job/75230431?type=standard&ref=search-standalone,75230431
Physics Teacher,Yayasan Sarana Hubungan Harmonis Sejahtera,Surabaya,,Pendidikan & Pelatihan,Pengajaran – Pendidikan Menengah,"3 Languages School, Professional Development, Continuous Learning",2024-04-23,Full time,"Xin Zhong School is a trilingual school located in the eastern part of Surabaya. Currently, we are looking for energetic, passionate and dedicated teachers who are willing to grow with us General Requirements:25 - 45 years oldBachelor’s / Master / Doctor / PhD Degree related to the field of study from a reputable local university or overseas universityFor International teacher must have appropriate qualifications for the area in which they will be teaching and have a minimum of 5 years teaching experience in that areaThe professional teaching certificate for teacher is a mustEnglish proficiency is a must, both written and spokenMust have impressive teaching qualifications in computer and update with new technologyAbility to work closely with others in a positive and collaborative environmentAbility to think creativelyDemonstrated ability in effective customer service development and outreach programsIf you meet the criteria, please send your application with CV (please include your email address in the CV), transcripts + diploma, current photograph, ID and other supporting documents",https://www.jobstreet.co.id/id/job/74914637?type=standout&ref=search-standalone,74914637
Sales Manager,PT Hettich Indonesia,Surabaya,,Penjualan,Pengembangan Bisnis Baru,"Medical Insurance & Annual Health Check-up, Work Remotely, Laptop & Mobile Phone provided",2024-04-23,Full time,"About usHettich is the leading manufacturer of furniture fittings based in Germany. Through its subsidiaries in Singapore and Jakarta (legal entities), Hettich serves clients in the ASEAN zone, Hong Kong, and Taiwan.Qualifications & experienceJob Experience (years)	>10 years (with at least 4 in relevant sales position)
Job Experience (contents)	 	 	 	 	 	senior salesperson with a 24/7 solutions attitude
 	 	 	 	 	 	 	 	 	 	 	 	 	 	 	 	 	 	 	Tasks & responsibilitiesStrategic Planning: 
Develop and negotiate strategies by studying integration of new business with company
strategies and operations, examine risks and potentials, estimating customers' needs and goals.
Market Observation:
Research and perform competitive analysis of the furniture marketplace.
Collect competitive activity on an ongoing basis. Writing reports.
Market Cultivation:
Plan, implement and coordinate customer service (advise, negotiations, project meetings, etc.). 
Coordinate all activities in this regard in cooperation with concerned departments.
Product Development:
Coordinate customer needs and inform development departments so that marketable
products can be designed and modified 
Client Development:
Work with management team to identify an evaluate market and new target clients 
Customer/client focus 
Presentations:
Initiate and complete proposals and presentations for new business opportunities.
Present it to customer, maintain an excellent customer relationship.
Controlling/Reporting:	 	 	 	 	 	 	 	 	 	 	 	 	 	 	 	 	 
Evaluate customer-related sales figures. Prepare measures in case of target/actual variance.
 	 	 	 	 	 	 	 	 	 	 	 	 	 	 	 	 	 
Self Organized Team:	 	 	 	 	 	 	 	 	 	 	 	 	 	 	 	 	 
Be part of a self organized team that solves problems as a team and not as comptitors. Collaboration amongst team members is the key to success
BenefitsMedical Insurance & Annual Health Check-upWorking RemotelyLaptop & Mobile",https://www.jobstreet.co.id/id/job/74928078?type=standout&ref=search-standalone,74928078
Sales Marketing,CV Bali Spa Nature,Jawa Timur,,Penjualan,Pengembangan Bisnis Baru,,2024-04-24,Full time,"usia maksimum 30 tahunKeterampilan komunikasi yang sangat baikPendekatan yang positif, percaya diri, dan tekunKetahanan dan kemampuan untuk mengatasi penolakan dari pelanggan dan tidak mudah menyerahTingkat motivasi diri dan ambisi yang tinggiKeterampilan untuk bekerja baik secara mandiri maupun sebagai bagian dari timKemampuan untuk berkembang dalam lingkungan yang kompetitifMemiliki SIM C/ AFasih dalam bahasa Inggris suatu keharusanKemampuan dalam Dunia Digital Marketing adalah sebuah nilai plusMeningkatkan target penjualan terutama untuk B2B baik dalam skala nasional maupun Internasional untuk barang atau jasa yang dimiliki PerusahaanMemiliki keinginan untuk maju, dan secara regular laporan kepada Manager tentang perkembangan PenjualanDenpasar: Reliably commute or willing to relocate/ travelPersyaratan minimum:Mencari kandidat untuk bekerja pada:Senin: PagiSelasa: PagiRabu: PagiKamis: PagiJum'at: PagiSabtu: PagiDiperlukan 1 tahun pengalaman kerja yang relevan untuk posisi iniPelamar harus memiliki KTPTanggal mulai kerja: 01 May 2024Gaji yang diinginkan: Rp4,000,000 - Rp5,000,000 per bulan",https://www.jobstreet.co.id/id/job/75380500?type=standard&ref=search-standalone,75380500
Marketing & Market Research,Selaras Husada,Sukolilo,,Penjualan,Pengembangan Bisnis Baru,,2024-04-23,Full time,"1.     Last Education Minimum S1 Public Relation, Management, Economic, Bisnis Adminstration, Etc.
2.     Maximum Age 30 Years
3.     Work Experience Min. 1 Year In The Same Position
4.     Able To Conduct In-Depth Market Analysis Using Various
Market Research Methods
5.     Have A Strong Understanding Of Marketing Principles
And Marketing Strategies
6.     Fluent In English
Persyaratan minimum:
Mencari kandidat untuk bekerja pada:
Senin: Pagi
Selasa: Pagi
Rabu: Pagi
Kamis: Pagi
Jum'at: Pagi


Diperlukan 2-3 tahun pengalaman kerja yang relevan untuk posisi ini
Pelamar harus memiliki KTP
Tanggal mulai kerja: 01 May 2024",https://www.jobstreet.co.id/id/job/74925191?type=standard&ref=search-standalone,74925191
Kapster,Iseo Haircare Salon,Jawa Timur,,Keterampilan & Jasa,Tata Rambut & Kecantikan,,2024-04-23,Full time,"Kualifikasi :-Batas usia 25thn-Pendidikan min. SMK-SMA sederajat-Pengalaman min.6 bulan di bidang Salon rambut. -Bersedia ikut training / pelatihan. -Ada niatan untuk belajar. -Ulet, cekatan& tekun dalam bekerja. -Bisa bekerja dalam team. Deskripsi pekerjaan:- bisa membantu semua jenis pekerjaan yg berhubungan dgn potong rambut. - bisa mengerjakan mengeramas, memotong rambut, mewarnai rambut, catok, creambath dll. - wajib membersihkan berbagai macam perlengkapan salon agar tetap steril dan layak digunakan. - Bisa menjaga hubungan baik dgn para pelanggan.Persyaratan minimum:Tersedia jam fleksibelDiperlukan 1 tahun pengalaman kerja yang relevan untuk posisi iniPelamar harus memiliki KTP",https://www.jobstreet.co.id/id/job/75366099?type=standard&ref=search-standalone,75366099
IT Business Analyst,PT AZLOGISTIC DOT COM,Surabaya,,Teknologi Informasi & Komunikasi,Analis Bisnis/Sistem,,2024-04-23,Full time,"Job Descriptions:Analyse and evaluate the company's business processes and identify areas that need to be developedCollect, validate, and document business requirements from stakeholders and usersCreate business process models and opportunities for process improvementIdentify problems, risks, and benefits of existing and proposed solutions and make a business impactCreate design and function specifications for solutions (wireframe, flow, rules)Checking the results of the design and system whether it is in accordance with the requirementsEvaluating business processes, anticipating requirements, looking for areas that can be developed, and developing and implementing solutionsStay up-to-date on the latest processes and IT advancements to automate and modernize systemsHold meetings and presentations to share ideas and findingsPerform needs analysis.Communicating insights and plans to the relevant team and the management teamDocumenting and communicating the results of the workGather information from multi-stakeholder meetings and produce useful reportsCollaborate with clients/users, product teams, and managerial staffProvide leadership, training, coaching, and guidance to junior staffEnsuring the solution has completed the business needs and requirementsResponsible for User Acceptance TestingManage projects, develop project plans, and monitor performanceUpdating, implementing, and maintaining proceduresMake work priorities based on business needs and requirementsAct as an intermediary between stakeholders and usersMonitoring the deliverables and ensuring the running time of the projectUp to date with the latest technology to increase efficiency and process automationConduct market research and competitive analysisPlanning and monitoring with regular checks on requirementsQualifications:Bachelor's degree in Science Information or Technical Information preferably with has minimum of two years of working experienceHas working experience as a business analyst (especially in the warehouse area or finance area)Has broadened knowledge of business analystExpert in warehouse management and project logistics or have experience as a business analyst in the finance/payment gateway/banking/insurance areaStrong analytical skills, great attention to detail, and good communication skillsExperience working on the projectHas technical ability and method modelingUnderstand the project life cycle (SDLC)Able to process data with high quantity (preferably in Excel)Able to interpret business processes in writing, speaking, or in flow diagramsAble to do GAP analysisHave a good knowledge of User TestingCan maintain good relations with stakeholdersLove to learn new thingsPlacement: Surabaya (WFO)",https://www.jobstreet.co.id/id/job/74893003?type=standout&ref=search-standalone,74893003
Business Analyst,PT. Alsindo Plastec,Tenggilis Mejoyo,,Penjualan,Pengembangan Bisnis Baru,,2024-04-23,Full time,"Menganalisis Kebutuhan Bisnis. 
Mengumpulkan dan Menilai Data.
Memahami Proses Bisnis.
Merancang Solusi.
Perancangan Sistem. 
Membuat Dokumentasi. 
Mengomunikasikan Hasil.
Presentasi.
Negosiasi.
Evaluasi dan Pemantauan.

Persyaratan minimum:
Mencari kandidat untuk bekerja pada:
Senin: Siang, Pagi
Selasa: Siang, Pagi
Rabu: Siang, Pagi
Kamis: Siang, Pagi
Jum'at: Siang, Pagi


Tidak diperlukan pengalaman kerja untuk posisi ini
Pelamar harus memiliki KTP
Tanggal mulai kerja: 22 April 2024
Gaji yang diinginkan: Rp3,700,000 per bulan",https://www.jobstreet.co.id/id/job/74859297?type=standard&ref=search-standalone,74859297
IT Recruiter (6 Months Contract),PT Talentvis Consulting Indonesia,Surabaya,"Rp7,000,000 – Rp8,000,000 per month",Sumber Daya Manusia & Perekrutan,Perekrutan – Internal,,2024-04-23,Kontrak,"IT RECRUITER (Surabaya) - 6 Months Contract Our client is one of the trusted System Integrator company providing corporate solutions involving Data Communications, Internet and ICT Solutions. Currently, they are hiring for a Recruiter with below details: Responsibilities1. Collaborate with hiring managers to understand staffing needs and develop comprehensive recruitment strategies.2. Utilize various sourcing methods including job boards, social media, networking events, and industry partnerships to identify and attract top-tier candidates.3. Manage the end-to-end recruitment cycle, from posting job openings to extending offers and onboarding new hires.4. Develop and nurture relationships with candidates to enhance the employer brand and promote a positive candidate experience.5. Stay updated on industry trends, market conditions, and competitor activities to inform recruitment strategies and tactics.6. Provide regular updates and reports on recruitment activities to management.Requirements1. Bachelor's degree in Human Resources, Business Administration, or related field.2. Minimum of 2 years of experience as a Recruiter or Talent Acquisition, with a focus on the teleco industry preferred.3. Proven track record of successfully recruiting for roles such as Account Managers, Sales Managers, Channel Managers, B2B Positions, etc.4. Strong understanding of telecommunications industry trends, technologies, and market dynamics.5. Excellent communication and interpersonal skills, with the ability to effectively engage with candidates.6. Proficiency in applicant tracking systems (ATS).7. Ability to work independently and collaboratively within a team.8. High level of integrity, professionalism, and confidentiality.9. Fluency in English and Bahasa Indonesia.",https://www.jobstreet.co.id/id/job/74855075?type=standout&ref=search-standalone,74855075
IT Programmer & Developer,CV. KETJUBUNG,Gresik,Rp4.700.000 – Rp5.000.000 per month,Teknologi Informasi & Komunikasi,Developer/Programmer,,2024-04-23,Full time,"Urgently NeededIT Programmer & Developer Staff Role & responsibilities:Design, Develop, Testing, Debug, Maintain & Costumize of Odoo Modules in ERP / Business Application.Integrate Odoo with other web applications.Ensure the scalability and quality of all Odoo implementations.Writing scalable code using Python Programming Language.Implementation of New Features, Systems and Projects.Write and maintain clear, precise, and comprehensive code documentation.Collaborate with cross-functional teams to define, design, and deliver new features.Back-End system using Nodejs.Design database using MySQL/ PostgreSQL.Integration with third party API.Troubleshooting, Bug Fixing and Debugging of code related issues.Requirements:Male/Female, Max 35 years of age.Min. Bachelor Degree in Computer Science/ Management Informatic/ Information Systems or related field.Excellent interpersonal skills.Having min. 2 years experience of Odoo ERP development and customization is a must.Experienced in integrating Odoo with other systems using APIs.Experienced in integrating third party API.Experienced in PHP, Python, and Nodejs.Experienced in CSS/ JavaSript /XML and REST API /JSON, NodeJS, ExpressJS, ReactJS, PHP.Experienced in PostgresSQL, MySQL, MongoDB.Experienced in Git/Repository management.Experienced in Unix/Linux environment and shell scripting.Experienced in OS (Win, Linux, Unix, iOS).Have a good communication skills and able to work in teams or individual.Please include your best portfolio.",https://www.jobstreet.co.id/id/job/74885609?type=standout&ref=search-standalone,74885609
Field Collection,PT Lunaria Annua Teknologi (KoinWorks),Surabaya,"Rp4,500,000 – Rp4,700,000 per month",Perbankan & Layanan Finansial,Kredit,,2024-04-23,Full time,"Field CollectionPT Lunaria Annua Teknologi (KoinWorks) adalah perusahaan Fintech Lending Indonesia yang melayani investasi online P2P Lending dengan machine learning yang inovatif, menghubungkan Investor dengan Peminjam dalam sebuah platform teknologi mutakhir. Kini, kami sedang mencari Collection Officer yang berdedikasi untuk mendukung seluruh kegiatan perusahaan kami.Di posisi ini, Collection Officer akan bertanggung jawab:Melakukan penagihan kepada pelanggan dilapangan, melalui telefon dan media lainnya.Melakukan negosiasi dengan pelangganMengelola dan memantau bucket tunggakan H+1, >30, >60, >90Melakukan kunjungan untuk penagihan kepada pelanggan agar membayar tepat waktuMembuat laporan harian dari seluruh kegiatan penagihan kepada pelangganPersyaratan untuk memenuhi posisi ini adalah:Minimal pendidikan D3 dari berbagai universitas.Memiliki kemampuan untuk bernegosiasi kepada pelanggan yang mengalami keterlambatan pembayaranBerpengalaman melakukan kunjungan untuk penagihan ke konsumen atau Field Collection",https://www.jobstreet.co.id/id/job/74863839?type=standout&ref=search-standalone,74863839
SALES ENGINEERING,PT Tekno Logika Utama,Surabaya,,Penjualan,Perwakilan/Konsultan Penjualan,"Gaji & Tunjangan, THR, BPJS Kesehatan  + BPJS Tenaga Kerja",2024-04-23,Full time,"JobdeskFollow up prospek, menyusun jadwal kunjungan, presentasi ke prospek.Menjalin relasi dengan prospek dan eksisting customer.Uji kompetensi atau sertifikasi berkala untuk memenuhi standart kompetensi.RequirementsS1 jurusan teknik mesin atau sejenis.Memahami alur kerja industri.Dapat berbahasa Inggris.Komunikatif.Berdomisili di Surabaya dan sekitarnya.",https://www.jobstreet.co.id/id/job/74863507?type=standout&ref=search-standalone,74863507
Manager supervisor,YLA ACCESSORIES,Wiyung,,Teknik,Drafting Teknik,,2024-04-23,Full time,"dibutuhkan karyawan yg


jujur, tegas, absen tiap saat
teliti menghitung komputer system data

posisi:


mengawasi, mengabsensi, dan melaporkan kinerja karyawan selengkapnya
pengecekan kinerja karyawan berbasis komputer, data, dan system
lengkap dengan laporan kinerja untuk diberikan ke atasan sejujur jujur dan selengkapnya.

Persyaratan minimum:
Mencari kandidat untuk bekerja pada:
Senin: Pagi, Siang, Sore
Selasa: Pagi, Siang, Sore
Rabu: Pagi, Siang, Sore
Kamis: Pagi, Siang, Sore
Jum'at: Pagi, Siang, Sore
Sabtu: Pagi, Siang, Sore
Minggu: Pagi, Siang, Sore


Tidak diperlukan pengalaman kerja untuk posisi ini
Pelamar harus memiliki KTP
Tanggal mulai kerja: 10 April 2024
Gaji yang diinginkan: Rp1,000,000 - Rp3,000,000 per bulan",https://www.jobstreet.co.id/id/job/74840820?type=standard&ref=search-standalone,74840820
Odoo Business Analyst (English Speaker),Nurosoft Consulting (PT. Nuroho Software Consulting),Surabaya,,Teknologi Informasi & Komunikasi,Analis Bisnis/Sistem,"Remote Working, 35 hours/week, Competitive Salary",2024-04-23,Full time,"ResponsibilitiesAnalyze customer business processes, write specifications, and suggest solutions.Implement the agreed solutions.Write test cases and check the development.Constantly communicate project and on-going tasks to customers.Organize and follow-up Odoo implementations.Participate in project planning, estimation, and project management activities to ensure successful delivery of Odoo implementations.Provide training sessions and documentations to customers.Be a mentor of junior business analyst.Must have:Bachelor's degree in accountingAt least 3 years of experiences in Odoo ERP implementations & customizationStrong knowledge of Odoo functional and technical aspects, including configuration, customization, and integrationBetween the age of 18-35.Have an excellent understanding of business processes.Excellent planning and communication skills.Ability to learn fast and execute accordingly.Immediate availability.Fluent in English both written and spokenNice to Have:Fluent in Japanese is a plus.Experience with EDI, XML, RESTful API integration.",https://www.jobstreet.co.id/id/job/74782247?type=standout&ref=search-standalone,74782247
Business Analyst,PT Gloster Furniture,Gresik,,"Manufaktur, Transportasi & Logistik",Analisis & Pelaporan,,2024-04-23,Full time,"Requirement:Having minimum bachelor’s degree, with a GPA min 3.60/4.00. Preferably in Industrial Engineering / Accounting / Informatics EngineeringFamiliar in using ERP system such as NAV/Business Central, or SAP FICO Module, or Oracle finance module (experience in one of them is a plus).Understanding about business process, and flow chartA proactive mindset to anticipate problems, troubleshoot challenges, and proactively resolve them.Actively speaking & writing in English, equals to intermediate level.Quick-learner and quickly adapting to change in a fast-paced environment. Your Task:Design functional specifications for customizations and enhancements of the ERP system, which include reports, Blueprints, etc.Identify and apply continuous improvement processes across functional areas via ERP system and other third-party system.Provide alternatives and recommend a solution.Leading upgrades, migration, and integrations to third party system.Supporting day-to-day ERP user activitiesPreparing the users manuals and providing training to ERP users.  #Make sure you have an active email to make the recruitment process easier.",https://www.jobstreet.co.id/id/job/74915061?type=standout&ref=search-standalone,74915061
QA Analyst,"PT. Central Proteina Prima, Tbk",Sidoarjo,,Teknologi Informasi & Komunikasi,Uji Coba & Penjaminan Mutu,,2024-04-23,Full time,"Requirement :Minimum S1 majoring in Aquaculture/Animal Husbandry/Food TechnologyFresh Graduated are welcomeHave a good communication skill (English)Able to work in a teamMastering MS OfficeWilling to be located at Sidoarjo, Jawa Timur Job Description :Carry out physical analysis of raw materials and verify the measuring instruments to be usedEnsure that the samples analyzed are in accordance with production quantitiesCreate analysis reports on manual reports every dayMaintain feed quality by rejecting feed that does not meet standards",https://www.jobstreet.co.id/id/job/74891764?type=standard&ref=search-standalone,74891764
Product Specialist (Mandarin Speaker),PT Blue Ocean Heart,Surabaya,"Rp5,000,000 – Rp7,000,000 per month",Teknologi Informasi & Komunikasi,Manajemen & Pengembangan Produk,"career path, KPI Incentives, medical insurance",2024-04-23,Full time,"Are you a hard worker and like challenges, are you someone who wants to have a career advancement, and are you someone who has experience to be able to join our company. Send your resume and come on join with us !!!As a PRODUCT SPECIALIST (MANDARIN SPEAKER), you will play a crucial role in providing candidates that match the requirements of the users. Your expertise in using the interview process as a means of evaluating and matching the compatibility.QUALIFICATIONS : Male-Female 男女, maximum 35 years old.Education minimum S1 all majors. 所有专业的最低学历为 S1。Open to fresh graduates. 没有工作经验可以投。Fluent in Mandarin (speaking, reading, writing). 中文能够听、读、写。Have good thinking and logic skills. 有良好的思维和逻辑。Proficient in operating Ms. Office (Microsoft Excel, Microsoft Power Point, Microsoft Word. 熟悉办公软件操作，尤其是Microsoft Excel, Microsoft Power Point, Microsoft Word.Minimum GPA of 3.00 最低 GPA 3.00 JOB RESPONBILITIES :1. Create stock reports, sales reports and the like. 统计库存报表、销售报表、等。2. Relay the boss's intention to a colleague (translate). 传达上司的工作安排给同事（翻译）。3. Coordinate with branch colleagues and HQ. 对接分公司和国家公司的同事沟通。4. Calculate subsidy/refund program for branches. 算政策补贴/调价补差给分公司。",https://www.jobstreet.co.id/id/job/74752906?type=standout&ref=search-standalone,74752906
Data Entry,PT Sepakat Pratama Indonesia,Gayungan,,Administrasi & Dukungan Perkantoran,Entri Data & Pengolahan Kata,,2024-04-23,Full time,"Mempersiapkan dan mengatur dokumen sebelum memasukkan data ke dalam komputer
Memasukkan data ke dalam database perusahaan
Membuat perubahan pada informasi yang tidak lengkap
Mengelola dokumen dan catatan perusahaan dengan baik
Menerima dan memproses invoice pembayaran dan memperbarui informasi invoice

Persyaratan minimum:
Mencari kandidat untuk bekerja pada:
Senin: Pagi, Siang
Selasa: Pagi, Siang
Rabu: Pagi, Siang
Kamis: Pagi, Siang
Jum'at: Pagi, Siang


Tidak diperlukan pengalaman kerja untuk posisi ini
Pelamar harus memiliki KTP
Tanggal mulai kerja: 01 April 2024
Gaji yang diinginkan: Rp4,000,000 - Rp4,500,000 per bulan",https://www.jobstreet.co.id/id/job/74802297?type=standard&ref=search-standalone,74802297
Data Entry,PT. Permata Anugerah Yalapersada,Gayungan,,Administrasi & Dukungan Perkantoran,Entri Data & Pengolahan Kata,,2024-04-23,Full time,"Job Desc:
• Menginput dan mengelola data, termasuk data pelanggan, produk, dan keuangan.
• Membuat laporan, seperti laporan penjualan, laporan keuangan, dan laporan kinerja.
• Mengarsipkan dan mengelola dokumen, termasuk surat, kontrak, dan perjanjian.
Persyaratan minimum:
Mencari kandidat untuk bekerja pada:
Senin: Pagi, Siang
Selasa: Pagi, Siang
Rabu: Pagi, Siang
Kamis: Pagi, Siang
Jum'at: Pagi, Siang


Tidak diperlukan pengalaman kerja untuk posisi ini
Pelamar harus memiliki KTP
Tanggal mulai kerja: 03 April 2024
Gaji yang diinginkan: Rp2,000,000 - Rp3,500,000 per bulan",https://www.jobstreet.co.id/id/job/74792346?type=standard&ref=search-standalone,74792346
Time Study Staff,PT Gloster Furniture,Kebomas,,Teknik,Teknik Industri,,2024-04-23,Full time,"Available Position: Time Study  
Requirement:

Having
minimum, a bachelor’s degree in industrial engineering/similar education, with
a minimum GPA of 3.60/4.00. 
Actively
speaking & writing in English, equals to intermediate level.
Experience
in evaluating & controlling the production standard time in compliance with
actual time.
Knowledge
of manufacturing excellence tools and techniques for set up time reduction and efficiency.
A
proactive thinker & highly analytical, able to anticipate & resolve
field problems.
Quick-learner
and quickly adapt to change in a fast-paced environment.

Your Task:

Review
and assess existing method / standard time per work centre.
Generate
and analyse time study data, specification, and operation of equipment to establish
concepts of production methods improvement and production time standards.
Evaluating
the existing standard working hour, the actual working hours, and suggesting
new standards of working hours for each production process. 

Persyaratan minimum:
Mencari kandidat untuk bekerja pada:
Senin: Pagi
Selasa: Pagi
Rabu: Pagi
Kamis: Pagi
Jum'at: Pagi


Diperlukan 1 tahun pengalaman kerja yang relevan untuk posisi ini
Pelamar harus memiliki KTP
Tanggal mulai kerja: 22 April 2024
Gaji yang diinginkan: Rp4,600,000 - Rp6,000,000 per bulan",https://www.jobstreet.co.id/id/job/74831671?type=standard&ref=search-standalone,74831671
Presales / Product Specialist,PT Media BersamaSukses,Surabaya,,Teknologi Informasi & Komunikasi,Penjualan – Pra & Pasca,,2024-04-23,Full time,"Job Description: We are seeking a dynamic and experienced Pre-Sales Engineer / Project Manager to join our team. The ideal candidate will be responsible for providing technical expertise in pre-sales activities, including solution design, product demonstrations, and client consultations. Additionally, the candidate should possess strong project management skills to oversee the successful implementation of security system projects.Responsibilities:Collaborate with the sales team to understand customer requirements and design tailored security solutions.Conduct product demonstrations and presentations to showcase the features and benefits of our security systems.Engage with clients to assess their security needs and provide expert advice on suitable solutions.Prepare technical proposals, including system architectures, bill of materials, and cost estimates.Assist in the preparation of project plans, timelines, and resource allocation for successful project execution.Coordinate with vendors and internal teams to ensure the availability of necessary resources and support for project implementation.Act as the primary point of contact for clients throughout the project lifecycle, addressing any technical queries or concerns.Conduct regular project reviews to monitor progress, identify risks, and implement corrective actions as needed.Provide technical guidance and support to junior team members as required.Requirements:Bachelor's degree in Computer Science, Engineering, or related field.Proven experience in pre-sales engineering within the security system industry.Strong understanding of security technologies such as CCTV, access control, intrusion detection, and video analytics.Proficiency in project management methodologies and tools.Excellent communication and presentation skills, with the ability to effectively interact with clients and internal stakeholders.Ability to multitask and prioritize workload in a fast-paced environment.Experience with leading project teams and driving successful project outcomes.Relevant certifications such as PMP, CISSP, or CCNA are a plus.",https://www.jobstreet.co.id/id/job/74770017?type=standout&ref=search-standalone,74770017
Radiographer Coordinator (Surabaya),Siloam Hospitals Group (Tbk),Surabaya,,Kesehatan & Medis,Rekam Medis,,2024-04-23,Full time,"Deskripsi Pekerjaan:Melakukan pemantauan dan pengecekan secara terus menerus terhadap penatalaksanaan layanan radiologi untuk memastikan bahwa standar dan prosedur yang telah ditetapkan oleh Rumah Sakit dijalankan secara benar dan konsisten.Melaksanakan pemeriksaan radiografi yang meliputi radiografi konvensional, fluoroskopi, mammografi, CT Scan, MRI, foto mobile di ruangan, operasional C-arm di ruangan operasi, dan menyiapkan USG sesuai dengan prosedur dan standar mutu dan keselamatan yang telah ditentukan untuk digunakan sebagai penunjang layanan medis/diagnosa dokter. Kualifikasi Pekerjaan:  Minimal D3 Radiologi / Radioterapi.Memiliki pengalaman minimal 3 tahun sebagai RadiograferMemiliki STR yang masih berlakuMampu bekerja sama dalam timBersedia untuk bekerja di Area : Surabaya",https://www.jobstreet.co.id/id/job/74768412?type=standard&ref=search-standalone,74768412
Kepala Bagian Product Development,PT Alam Dianraya,Sidoarjo,,Desain & Arsitektur,Desain Industri,"Asuransi kesehatan, BPJS, Kompensasi dan Benefit, Pengembangan skill dan Jenjang karier",2024-04-23,Full time,"Spesifikasi :Usia 25 - 40 tahun.Pendidikan minimal S-1 Grafika atau S-1 Design Product ( diutamakan )Pengalaman minimal 3 tahun pada bidang design, persiapan cetak offset printing packaging ( diutamakan )Menguasai konsep dan operasional software untuk graphic design dan persiapan cetak.Menguasai konsep dan operasional pembuatan film, layout dan pembuatan plate.Memiliki kemampuan leadership dan pengambilan keputusan. Tugas & Tanggung Jawab :Menerima, mengecek, dan memproses setiap order yang masuk dari marketing maupun PPIC .Memastikan kelancaran pekerjaan pembuatan design, pembuatan master diecut & blank maker dan proses layout CTP, pembuatan plate, pembuatan laser diecut dan lain-lain termasuk yang harus dibuat diluar PT. Alam Dianraya.Mengontrol dan mengkoordinir pengecekan kualitas dan kebenaran design, plate dan pekerjaan-pekerjaan lain dari luar.Mengkoordinir jalannya proof mulai persiapan sampai dengan disetujui oleh marketing atau customer.Mengontrol dan memastikan bahwa setiap produk yang akan di produksi harus ada standard warna dan fisik yang valid dan up to date.Mengkoordinir pembuatan, penyimpanan, pembaruan/updating, pendistribusian dan pendokumentasian standard mutu produk agar tetap terjaga validitas dan kebersihannya.Mengkoordinir R&D ketika ada material baru / improvment yang masuk untuk di lakukan pengujian barang tersebut hingga keluar rekomendasi tentang qualitas barang tersebut.Mengkoordinir kalkulasi box untuk ukuran box yang akan dipakai / mencari box alternatif untuk memenuhi kebutuhan produksi.",https://www.jobstreet.co.id/id/job/74834400?type=standout&ref=search-standalone,74834400
Business Development Executive (Insurance Channel),DOCTOR ANYWHERE OPERATIONS PTE. LTD.,Surabaya,"Rp8,000,000 – Rp12,000,000 per month",Penjualan,Pengembangan Bisnis Baru,,2024-04-22,Full time,"Tentang PekerjaanBusiness Development akan berhubungan langsung dengan jaringan asuransi. Anda akan memiliki peran penting dalam memajukan dan mengembangkan kemitraan dengan agen asuransi dan agensi asuransi. Tujuan utamanya adalah mendorong pertumbuhan bisnis melalui kolaborasi strategis dan hubungan manajemen yang efektif. Lokasi :  Surabaya, IndonesiaDeskripsi Pekerjaan:Mendukung Business Development Manager dalam strategi untuk meningkatkan keterlibatan dengan klien yaitu agen asuransi dan perusahaan agensi asuransiMenjual layanan DA medical concierge, dan mengembangkan pipeline bisnisMengidentifikasi, mengkualifikasi, dan mencari prospek penjualan baru untuk layanan DA medical conciergeMenjalin kerjasama dengan agen asuransi dan perusahaan agensi asuransi yang potensial guna memperluas pengguna layanan DA medical concierge dan layanan medis lainnyaBerkomunikasi dengan klien untuk memastikan pelayanan DA medical concierge berjalan dengan tepat dan efisienMendukung sales campaign dan acara yang terkait dengan klienMempersiapkan proposal kerjasama dengan klienMelakukan presentasi penjualan kepada calon klienMengembangkan dan menjalankan strategi pengembangan bisnis yang tepat untuk bekerja sama dengan klien.Membangun komunikasi yang baik dengan agen asuransi dan perusahaan agensi asuransi khususnya di level manajerial.Mengikuti dan memahami trend market medical concierge.Berkomunikasi dengan tim internal untuk memastikan kelancaran pelayanan dan pemenuhan kebutuhan klienMembuat sales report secara reguler  Kualifikasi :Gelar Sarjana dengan pengalaman 2-3 tahun dalam marketing, business development, atau account management di lingkungan penjualan B2B industri asuransi dan rumah sakit atau kesehatanBerpengalaman bekerjasama dengan agen asuransi dan agensi asuransiProaktif dan terbiasa bekerja dengan targetBerorientasi pada pelanggan dengan keterampilan interpersonal, komunikasi verbal, tulis dan keterampilan presentasi yang baikTerorganisir, detail - oriented, sehingga dapat memastikan pertemuan dengan klien terlaksana dengan baikFamiliar dengan Google Workspace, sosial media (LinkedIn, Instagram) dan media online lainnyaBerdomisili di SurabayaSikap yang sesuai dengan budaya startup - berani mengambil tanggung jawab penuh atas tindakan Anda, bersedia keluar dari zona nyaman dan menghadapi tantangan baruNyaman dengan ketidakpastian dan fleksibel untuk belajar hal-hal baru sebagai hal yang menyenangkan - kami terus berkembang dan menuju pencapaian baru About Doctor AnywhereDoctor Anywhere (DA) is a regional tech-enabled, omnichannel healthcare provider delivering care to 2.5 million users across 6 countries in Southeast Asia. Founded in 2017 with a mission to make healthcare simple, accessible, and efficient for all, DA leverages technology to enable individuals towards preventive, long-term health via holistic offerings including our telehealth app, physical clinics and pharmacies, mental wellness, specialist consults, and also an online health & wellness marketplace for supplements, healthy snacks, home-based health screening and vaccinations.DA’s goal is to build a regional digital healthcare ecosystem, advanced by the 3,000 GPs and specialists within our regional network, over 1,000 corporate organisations, and 25 regional insurers we work with. Grounded in our motto “Keep Going, Keep Growing”, our team strives towards excellence, with innovation and collaboration at our core, and values diversity in perspectives brought by every member. Join us in our mission to transform Southeast Asia’s healthcare future!Not for you? We have other opportunities that may interest you or someone you know.",https://www.jobstreet.co.id/id/job/74251064?type=standout&ref=search-standalone,74251064
