job_title,company_name,job_location,work_place,salary_range,skill,more_detail_link,job_id,work_type,workplace,years_experience,min_education,category,sub_category,role,scrapped_date
Frontend Programmer,PT. Intala Insan Cendekia,"Cilandak, Jakarta Selatan, DKI Jakarta",Kerja di kantor,"Rp4jt-Rp5,5jt","experience,salary,logo,JavaScript,Figma,HTML5,TailwindCSS,UI Design,PHP,Vue.js",https://glints.com/id/opportunities/jobs/frontend-programmer/1458cff5-405f-4cd9-98be-d294a419c9b1?utm_referrer=explore,1458cff5-405f-4cd9-98be-d294a419c9b1,full_time,Kerja di kantor,Kurang dari setahun,Minimal Sarjana (S1),Computer & Information Technology,Frontend Development,Frontend Engineer,2024-04-26
Frontend Developer,The Digital Cellar,"Menteng, Jakarta Pusat, DKI Jakarta",Remote/Dari rumah,Not Written,"experience,logo,React.js,Next.js.,Frontend Development,JavaScript",https://glints.com/id/opportunities/jobs/frontend-developer/26ce67ef-0694-4521-a301-e62568b05d70?utm_referrer=explore,26ce67ef-0694-4521-a301-e62568b05d70,full_time,Remote/Dari rumah,1 – 3 tahun,Minimal Sarjana (S1),Computer & Information Technology,Frontend Development,Frontend Engineer,2024-04-26
Frontend Developer,PT Uri Teknologi Indonesia,"Setiabudi, Jakarta Selatan, DKI Jakarta",Kerja di kantor,Not Written,"experience,logo,Python,SQL,React.js,HTML5,CSS3",https://glints.com/id/opportunities/jobs/frontend-developer/009d84cd-53d0-4adb-b525-a75a3b9d6f93?utm_referrer=explore,009d84cd-53d0-4adb-b525-a75a3b9d6f93,full_time,Kerja di kantor,1 – 3 tahun,Minimal Sarjana (S1),Computer & Information Technology,Frontend Development,Frontend Engineer,2024-04-26
Frontend Engineer,Sagara Technology,"Makasar, Jakarta Timur, DKI Jakarta",Kerja di kantor,Not Written,"experience,logo,Responsive Web Design,React.js,REST API,Vue.js,Angular.js",https://glints.com/id/opportunities/jobs/frontend-engineer/6700f3cd-75f5-40f8-bd2f-fb4e979a1e4b?utm_referrer=explore,6700f3cd-75f5-40f8-bd2f-fb4e979a1e4b,contract,Kerja di kantor,3 – 5 tahun,Minimal Sarjana (S1),Computer & Information Technology,Frontend Development,Frontend Engineer,2024-04-26
Frontend Engineer,Simpul Technologies,"Sukolilo, Surabaya, Jawa Timur",Remote/Dari rumah,"Rp5,5jt-Rp8jt","experience,salary,logo,JavaScript,Ruby on Rails,Python",https://glints.com/id/opportunities/jobs/frontend-engineer/5d328484-3a59-4c20-b64c-083c3802de53?utm_referrer=explore,5d328484-3a59-4c20-b64c-083c3802de53,full_time,Remote/Dari rumah,1 – 3 tahun,Minimal SMA/SMK,Computer & Information Technology,Frontend Development,Frontend Engineer,2024-04-26
Frontend Developer,PT Lumos Inisiatif Indonesia,"Kebon Jeruk, Jakarta Barat, DKI Jakarta",Kerja di kantor,Rp5jt-Rp7jt,"experience,salary,logo,React.js,Nextjs,TypeScript",https://glints.com/id/opportunities/jobs/frontend-developer/3cb35f09-45ea-4f15-bbab-ce7ddee3b981?utm_referrer=explore,3cb35f09-45ea-4f15-bbab-ce7ddee3b981,full_time,Kerja di kantor,1 – 3 tahun,Minimal SMA/SMK,Computer & Information Technology,Frontend Development,Frontend Engineer,2024-04-26
Frontend Engineer,Adi Data Informatika,"Kebon Jeruk, Jakarta Barat, DKI Jakarta",Kerja di kantor,Not Written,"experience,logo,HTML5,JavaScript,Angular.js",https://glints.com/id/opportunities/jobs/frontend-engineer/7ed1576b-842e-43a1-9985-52bfce504c02?utm_referrer=explore,7ed1576b-842e-43a1-9985-52bfce504c02,contract,Kerja di kantor,1 – 3 tahun,Minimal Sarjana (S1),Computer & Information Technology,Frontend Development,Frontend Engineer,2024-04-26
Frontend Developer,PT Lanius Inovasi Indonesia,"Lowokwaru, Malang, Jawa Timur",Kerja di kantor,Not Written,"experience,logo,React.js,JavaScript,Next.js",https://glints.com/id/opportunities/jobs/frontend-developer/cdc59126-ad87-45ea-b88e-dfb9b729bcb6?utm_referrer=explore,cdc59126-ad87-45ea-b88e-dfb9b729bcb6,full_time,Kerja di kantor,1 – 3 tahun,Minimal Diploma (D1 - D4),Computer & Information Technology,Software,Software Developer,2024-04-26
Frontend Engineer,Mediatics Digital Indonesia,"Mampang Prapatan, Jakarta Selatan, DKI Jakarta",Kerja di kantor,Not Written,"experience,logo,Software Engineering,Vue.js,Communication Skills,Version Control,Frontend Development",https://glints.com/id/opportunities/jobs/frontend-engineer/db686426-0f73-41d0-b176-ecea49232c9b?utm_referrer=explore,db686426-0f73-41d0-b176-ecea49232c9b,full_time,Kerja di kantor,1 – 3 tahun,Minimal Sarjana (S1),Computer & Information Technology,Frontend Development,Frontend Engineer,2024-04-26
Frontend Engineer,Mari Works Solution,"Kebayoran Baru, Jakarta Selatan, DKI Jakarta",Kerja di kantor,Rp6jt-Rp10jt,"experience,salary,logo,Kotlin,Vue.js,Communication Skills,GIT",https://glints.com/id/opportunities/jobs/frontend-engineer/fbef659c-8550-4619-af81-a3c91e8faa0c?utm_referrer=explore,fbef659c-8550-4619-af81-a3c91e8faa0c,full_time,Kerja di kantor,1 – 3 tahun,Minimal SMA/SMK,Computer & Information Technology,Frontend Development,Frontend Engineer,2024-04-26
Frontend Developer,Tada,"Setiabudi, Jakarta Selatan, DKI Jakarta",Remote/Dari rumah,Not Written,"experience,logo,Nuxt.js,Frontend Development,Vue.js",https://glints.com/id/opportunities/jobs/frontend-developer/a791ad4f-ac9a-4b08-82e2-1df08a8feb79?utm_referrer=explore,a791ad4f-ac9a-4b08-82e2-1df08a8feb79,full_time,Remote/Dari rumah,1 – 3 tahun,Minimal Sarjana (S1),Computer & Information Technology,Frontend Development,Frontend Engineer,2024-04-26
Frontend Developer,PT. Bank Multiarta Sentosa Tbk. (Bank MAS),"Setiabudi, Jakarta Selatan, DKI Jakarta",Remote/Dari rumah,Not Written,"experience,logo,TypeScript,HTML5,Angular.js",https://glints.com/id/opportunities/jobs/frontend-developer/60079f78-1a6c-42ae-9dc0-6ef1dfd26517?utm_referrer=explore,60079f78-1a6c-42ae-9dc0-6ef1dfd26517,full_time,Remote/Dari rumah,3 – 5 tahun,Minimal Sarjana (S1),Computer & Information Technology,Frontend Development,Frontend Engineer,2024-04-26
Frontend Developer,PT Global Indonesia Asia Sejahtera (GIAS Group),"Pademangan, Jakarta Utara, DKI Jakarta",Kerja di kantor,Not Written,"experience,logo,Vue.js,PHP,Laravel",https://glints.com/id/opportunities/jobs/frontend-developer/2c92664b-f0a5-4e5b-bc08-60bfe711d8e0?utm_referrer=explore,2c92664b-f0a5-4e5b-bc08-60bfe711d8e0,full_time,Kerja di kantor,Kurang dari setahun,Minimal Diploma (D1 - D4),Computer & Information Technology,Frontend Development,Frontend Engineer,2024-04-26
Frontend Engineer,Abishar Technologies,"Setiabudi, Jakarta Selatan, DKI Jakarta",Kerja di kantor,Rp8jt-Rp16jt,"experience,salary,logo,Frontend Development,React.js,Web Development",https://glints.com/id/opportunities/jobs/frontend-engineer/415411d9-df65-4db4-9991-566b1c20ad12?utm_referrer=explore,415411d9-df65-4db4-9991-566b1c20ad12,full_time,Kerja di kantor,3 – 5 tahun,Minimal Diploma (D1 - D4),Computer & Information Technology,Frontend Development,Frontend Engineer,2024-04-26
Frontend Engineer,Pt. Asia Pelangi Remiten,"Jagakarsa, Jakarta Selatan, DKI Jakarta",Kerja di kantor,"Rp4,6jt-Rp7jt","experience,salary,logo,Critical Thinking,Problem Solving Skills,Communication Skills,Flutter",https://glints.com/id/opportunities/jobs/frontend-engineer/716294eb-37ea-4a13-a3b5-cf3c06bebefe?utm_referrer=explore,716294eb-37ea-4a13-a3b5-cf3c06bebefe,full_time,Kerja di kantor,1 – 3 tahun,Minimal Sarjana (S1),Computer & Information Technology,Frontend Development,Frontend Engineer,2024-04-26
Frontend Developer,PT Pasti Makmur Abadi,"Setiabudi, Jakarta Selatan, DKI Jakarta",Kerja di kantor,Not Written,"experience,logo,Angular.js,Bootstrap,React.js,Vue.js",https://glints.com/id/opportunities/jobs/frontend-developer/51d3ba25-7e2e-4816-ad76-0de0523cb5cc?utm_referrer=explore,51d3ba25-7e2e-4816-ad76-0de0523cb5cc,contract,Kerja di kantor,1 – 3 tahun,Minimal Sarjana (S1),Computer & Information Technology,Frontend Development,Frontend Engineer,2024-04-26
Frontend Developer,Total IT,"Cilandak, Jakarta Selatan, DKI Jakarta",Kerja di kantor,Rp4jt-Rp7jt,"experience,salary,logo,CSS3,REST API,Vue.js,HTML5,JavaScript",https://glints.com/id/opportunities/jobs/frontend-developer/7c295a67-80f6-49cc-be07-696e52e23dee?utm_referrer=explore,7c295a67-80f6-49cc-be07-696e52e23dee,full_time,Kerja di kantor,1 – 3 tahun,Minimal Diploma (D1 - D4),Computer & Information Technology,Software,Web Developer,2024-04-26
Frontend Engineer,HomLen,"Kebayoran Baru, Jakarta Selatan, DKI Jakarta",Kerja di kantor,Not Written,"experience,logo,Kotlin,Frontend Development,Programming Languages",https://glints.com/id/opportunities/jobs/frontend-engineer/60acafad-57a3-423b-b5d5-e229350347fc?utm_referrer=explore,60acafad-57a3-423b-b5d5-e229350347fc,full_time,Kerja di kantor,3 – 5 tahun,Minimal Sarjana (S1),Computer & Information Technology,Frontend Development,Frontend Engineer,2024-04-26
Frontend Developer,PT. Harapan Energie Indonesia,"Serpong Utara, Tangerang Selatan, Banten",Kerja di kantor,Rp5jt-Rp8jt,"experience,salary,logo,Node.js,Amazon Web Services (AWS),Web Development,Angular.js,Mobile App Development,Mobile UI Design,Responsive Web Design,Software Development,AWS Lambda",https://glints.com/id/opportunities/jobs/frontend-developer/47a45cd6-c8fc-448f-8bac-628a069b36cf?utm_referrer=explore,47a45cd6-c8fc-448f-8bac-628a069b36cf,full_time,Kerja di kantor,1 – 3 tahun,Minimal Diploma (D1 - D4),Computer & Information Technology,Software,Computer Programmer,2024-04-26
Frontend Engineer,Jakmall.com,"Kebon Jeruk, Jakarta Barat, DKI Jakarta",Remote/Dari rumah,Rp7jt-Rp17jt,"experience,salary,logo,Docker,Frontend Development,Next.js,JavaScript,Software Engineering,React.js,Ui/uix Design,Stylus,Vue.js,GIT",https://glints.com/id/opportunities/jobs/frontend-engineer/60669afb-9b0b-4f72-ad7c-762eb5aa4dbc?utm_referrer=explore,60669afb-9b0b-4f72-ad7c-762eb5aa4dbc,full_time,Remote/Dari rumah,1 – 3 tahun,Minimal Sarjana (S1),Computer & Information Technology,Software,Developer,2024-04-26
Frontend Developer,PT Neural Technologies Indonesia (Official),"Tebet, Jakarta Selatan, DKI Jakarta",Kerja di kantor,Not Written,"experience,logo,GIT,JavaScript,React.js",https://glints.com/id/opportunities/jobs/frontend-developer/617866c6-305d-4e5f-849b-ff985bba61d8?utm_referrer=explore,617866c6-305d-4e5f-849b-ff985bba61d8,contract,Kerja di kantor,1 – 3 tahun,Minimal Diploma (D1 - D4),Computer & Information Technology,Frontend Development,Frontend Engineer,2024-04-26
Frontend Engineer,Cooderu,"Cisauk, Tangerang, Banten",Kerja di kantor,Rp7jt-Rp12jt,"experience,salary,logo,JavaScript,React Native,Software Testing",https://glints.com/id/opportunities/jobs/frontend-engineer/d79a3025-6b8c-42c5-ba16-39bc9fbdbc76?utm_referrer=explore,d79a3025-6b8c-42c5-ba16-39bc9fbdbc76,full_time,Kerja di kantor,1 – 3 tahun,Minimal Diploma (D1 - D4),Computer & Information Technology,Frontend Development,Frontend Engineer,2024-04-26
Frontend Developer,Pt Wowrack Indonesia,"Genteng, Surabaya, Jawa Timur",Kerja di kantor,Not Written,"experience,logo,Programming Languages,Nuxt.js,GIT,IT Project Management,HTML5,Laravel,Frontend Development,PHP",https://glints.com/id/opportunities/jobs/frontend-developer/e0ab0d6b-42e2-4b12-9556-596e6e499037?utm_referrer=explore,e0ab0d6b-42e2-4b12-9556-596e6e499037,full_time,Kerja di kantor,1 – 3 tahun,Minimal Diploma (D1 - D4),Computer & Information Technology,Frontend Development,Frontend Engineer,2024-04-26
Frontend Engineer,EMBLEM OF STRENGTH & COURAGE TECHNOLOGY PTE. LTD,"Tanjung Priok, Jakarta Utara, DKI Jakarta",Kerja di kantor,Rp10jt-Rp20jt,"experience,salary,logo,Vue.js,3 Years,Mobile Webapp",https://glints.com/id/opportunities/jobs/frontend-engineer/bc7eea18-a75e-418d-a5cf-54a0d3d36445?utm_referrer=explore,bc7eea18-a75e-418d-a5cf-54a0d3d36445,full_time,Kerja di kantor,3 – 5 tahun,Minimal Diploma (D1 - D4),Computer & Information Technology,Frontend Development,Frontend Engineer,2024-04-26
Frontend Engineer,IDE Asia,"Bojongloa Kidul, Bandung, Jawa Barat",Remote/Dari rumah,Not Written,"experience,logo,HTML5,React Native,jQuery,Bootstrap,Vanilla Javascript,CSS3",https://glints.com/id/opportunities/jobs/frontend-engineer/5e5e7c5a-0c6f-4fe9-925b-6f32e4c992fb?utm_referrer=explore,5e5e7c5a-0c6f-4fe9-925b-6f32e4c992fb,contract,Remote/Dari rumah,3 – 5 tahun,Minimal Diploma (D1 - D4),Computer & Information Technology,Frontend Development,Frontend Engineer,2024-04-26
Frontend Developer,PT Bestari Jaya,"Kuta, Badung, Bali",Kerja di kantor,Not Written,"experience,logo,Microsoft Office,Frontend Development,Communication Skills",https://glints.com/id/opportunities/jobs/frontend-developer/8b7144a8-c60c-4ce6-9743-28e5f7f41277?utm_referrer=explore,8b7144a8-c60c-4ce6-9743-28e5f7f41277,full_time,Kerja di kantor,Kurang dari setahun,Minimal Diploma (D1 - D4),Computer & Information Technology,Frontend Development,Frontend Engineer,2024-04-26
Frontend Developer,PT Inti Corpora Teknologi,"Tanah Abang, Jakarta Pusat, DKI Jakarta",Kerja di kantor,Not Written,"experience,logo,React.js,Angular.js,HTML5,CSS3,Node.js,Software Development,Frontend Development,Web Development",https://glints.com/id/opportunities/jobs/frontend-developer/f0f7d117-b521-47ea-8185-6c1fc921c6e3?utm_referrer=explore,f0f7d117-b521-47ea-8185-6c1fc921c6e3,full_time,Kerja di kantor,3 – 5 tahun,Minimal Sarjana (S1),Computer & Information Technology,Frontend Development,Frontend Engineer,2024-04-26
Frontend Developer,XCIDIC,"Kembangan, Jakarta Barat, DKI Jakarta",Remote/Dari rumah,Rp5jt-Rp10jt,"experience,salary,logo,TypeScript,React.js,JavaScript",https://glints.com/id/opportunities/jobs/frontend-developer/def00ac8-75be-40d2-9aeb-40e8b3100b41?utm_referrer=explore,def00ac8-75be-40d2-9aeb-40e8b3100b41,full_time,Remote/Dari rumah,3 – 5 tahun,Minimal Diploma (D1 - D4),Computer & Information Technology,Software,Developer,2024-04-26
Senior Frontend Developer,PT Lanius Inovasi Indonesia,"Lowokwaru, Malang, Jawa Timur",Kerja di kantor,Not Written,"experience,logo,JavaScript,Software Development,SDLC,Nuxt.js,React.js,Node.js,React Native",https://glints.com/id/opportunities/jobs/senior-frontend-developer/1222ef82-47e0-48c1-8285-39f1caed37d2?utm_referrer=explore,1222ef82-47e0-48c1-8285-39f1caed37d2,full_time,Kerja di kantor,1 – 3 tahun,Minimal Sarjana (S1),Computer & Information Technology,Software,Developer,2024-04-26
Frontend Web Developer,PT. Dynamics Management Solution,"Setiabudi, Jakarta Selatan, DKI Jakarta",Kerja di kantor,Not Written,"experience,logo",https://glints.com/id/opportunities/jobs/frontend-web-developer/ba10a41d-3894-447e-aa8a-06f6deb27d61?utm_referrer=explore,ba10a41d-3894-447e-aa8a-06f6deb27d61,contract,Kerja di kantor,3 – 5 tahun,Minimal Sarjana (S1),Computer & Information Technology,Frontend Development,Frontend Engineer,2024-04-26
Junior Frontend Engineer,Pt. Kaleb Makmur Adhigana,"Kemayoran, Jakarta Pusat, DKI Jakarta",Kerja di kantor,Rp4jt-Rp6jt,"experience,salary,logo,React Native,Flutter,React.js",https://glints.com/id/opportunities/jobs/junior-frontend-engineer/7caa3530-ee21-47f5-a03e-a8d916406afd?utm_referrer=explore,7caa3530-ee21-47f5-a03e-a8d916406afd,full_time,Kerja di kantor,1 – 3 tahun,Minimal SMP,Computer & Information Technology,Frontend Development,Frontend Engineer,2024-04-26
Frontend Developer - Internship,Peduly,"Genteng, Surabaya, Jawa Timur",Kerja di kantor,Not Written,"experience,logo,HTML5,React.js,TailwindCSS",https://glints.com/id/opportunities/jobs/frontend-developer-internship/fe770ace-585a-4cd8-86ad-73f691d4c10b?utm_referrer=explore,fe770ace-585a-4cd8-86ad-73f691d4c10b,internship,Kerja di kantor,Kurang dari setahun,Minimal Sarjana (S1),Computer & Information Technology,Frontend Development,Frontend Engineer,2024-04-26
Full stack/ Frontend,PT Adi Perdana Nusantara,"Senen, Jakarta Pusat, DKI Jakarta",Kerja di kantor,Rp7jt-Rp9jt,"experience,salary,logo,Vuetify,Chrome Devtools,React.js,Ant Design,GIT,Vue.js",https://glints.com/id/opportunities/jobs/full-stack-frontend/65e21a2d-b255-4724-8698-cb8e784295e1?utm_referrer=explore,65e21a2d-b255-4724-8698-cb8e784295e1,contract,Kerja di kantor,1 – 3 tahun,Minimal Sarjana (S1),Computer & Information Technology,Software,Programmer,2024-04-26
Senior Frontend Engineer,Hukumonline.com,"Pasar Minggu, Jakarta Selatan, DKI Jakarta",Remote/Dari rumah,Not Written,"experience,logo,Web Development,Software Development,Application Development",https://glints.com/id/opportunities/jobs/senior-frontend-engineer/abb45a4f-323c-49d9-9669-aa133c95bd84?utm_referrer=explore,abb45a4f-323c-49d9-9669-aa133c95bd84,full_time,Remote/Dari rumah,1 – 3 tahun,Minimal Sarjana (S1),Computer & Information Technology,Software,Software Engineer,2024-04-26
Frontend Developer Intern,Koneksi Group,"Sawangan, Depok, Jawa Barat",Kerja di kantor,"Rp1,5jt-Rp2,5jt","experience,salary,logo,CSS3,JavaScript,HTML5,PHP",https://glints.com/id/opportunities/jobs/frontend-developer-intern/ccc3e3f7-0935-4b63-b6fa-a51ceb3677f4?utm_referrer=explore,ccc3e3f7-0935-4b63-b6fa-a51ceb3677f4,internship,Kerja di kantor,Kurang dari setahun,Minimal Diploma (D1 - D4),Computer & Information Technology,Others,Others,2024-04-26
Frontend / React Developer,PT Tonjoo Gagas Teknologi,"Babelan, Bekasi, Jawa Barat",Kerja di kantor,"Rp3jt-Rp4,5jt","experience,salary,logo,TailwindCSS,REST API,GIT,React.js,JavaScript",https://glints.com/id/opportunities/jobs/frontend-react-developer/b8c2b3ee-2729-4964-bf7a-86ac27121ac6?utm_referrer=explore,b8c2b3ee-2729-4964-bf7a-86ac27121ac6,full_time,Kerja di kantor,1 – 3 tahun,Minimal SMA/SMK,Computer & Information Technology,Software,Programmer,2024-04-26
Frontend Developer Intern,Seeds Finance,"Tanah Abang, Jakarta Pusat, DKI Jakarta",Kerja di kantor,Not Written,"experience,logo,React.js,React Native,TailwindCSS,Axios,Next.js,TypeScript,Reddux",https://glints.com/id/opportunities/jobs/frontend-developer-intern/e5965586-4641-4eb0-a693-ac83796d6e87?utm_referrer=explore,e5965586-4641-4eb0-a693-ac83796d6e87,internship,Kerja di kantor,Kurang dari setahun,Minimal Diploma (D1 - D4),Computer & Information Technology,Frontend Development,Frontend Engineer,2024-04-26
Junior Frontend Engineer,PT Serikat Hantar Ekspedisi,"Penjaringan, Jakarta Utara, DKI Jakarta",Kerja di kantor,Not Written,"experience,logo,CSS3,TypeScript,JavaScript,React.js,HTML5",https://glints.com/id/opportunities/jobs/junior-frontend-engineer/2b2a3fe3-4c49-4739-a209-72b9b24288ea?utm_referrer=explore,2b2a3fe3-4c49-4739-a209-72b9b24288ea,full_time,Kerja di kantor,Kurang dari setahun,Minimal Sarjana (S1),Computer & Information Technology,Software,Software Engineer,2024-04-26
Senior Frontend Developer,PT Suitmedia Kreasi Indonesia,"Pasar Minggu, Jakarta Selatan, DKI Jakarta",Kerja di kantor,Not Written,"experience,logo,UX Design,CSS3,Vue.js,API Development,JavaScript,React.js,UI Design,Model-View-Controller (MVC),GIT,HTML5,Angular.js",https://glints.com/id/opportunities/jobs/senior-frontend-developer/d8e24264-b030-42d9-a5c9-559d68736437?utm_referrer=explore,d8e24264-b030-42d9-a5c9-559d68736437,full_time,Kerja di kantor,1 – 3 tahun,Minimal Sarjana (S1),Computer & Information Technology,Frontend Development,Frontend Engineer,2024-04-26
Frontend Developer (ERPNext),Pt Wowrack Indonesia,"Genteng, Surabaya, Jawa Timur",Kerja di kantor,Not Written,"experience,logo,Erpnext,Frappe,GIT,Frontend Development,CSS3,Project Management,ERP Software,JavaScript",https://glints.com/id/opportunities/jobs/frontend-developer-erpnext/256ebb5d-f6f2-455e-bea8-fd4c559af2d9?utm_referrer=explore,256ebb5d-f6f2-455e-bea8-fd4c559af2d9,full_time,Kerja di kantor,3 – 5 tahun,Minimal Diploma (D1 - D4),Computer & Information Technology,Frontend Development,Frontend Engineer,2024-04-26
Frontend Engineer Staff,Pt Ada Ide Langsung Jalan,"Lowokwaru, Malang, Jawa Timur",Kerja di kantor,"Rp4,2jt-Rp4,8jt","experience,salary,logo,Flutter,Critical Thinking,API Development",https://glints.com/id/opportunities/jobs/frontend-engineer-staff/5a7f8ae2-0d45-43cd-8b6e-a09d96c0db40?utm_referrer=explore,5a7f8ae2-0d45-43cd-8b6e-a09d96c0db40,full_time,Kerja di kantor,1 – 3 tahun,Minimal SMA/SMK,Computer & Information Technology,Frontend Development,Frontend Engineer,2024-04-26
Frontend Developer (React Native),OCTA Infinite Solutions,"Kebayoran Lama, Jakarta Selatan, DKI Jakarta",Kerja di kantor,Not Written,"experience,logo,Redux,JavaScript,React Native",https://glints.com/id/opportunities/jobs/frontend-developer-react-native/f979017e-6977-4729-b6f3-8fa458007d36?utm_referrer=explore,f979017e-6977-4729-b6f3-8fa458007d36,contract,Kerja di kantor,3 – 5 tahun,Minimal Diploma (D1 - D4),Computer & Information Technology,Frontend Development,Frontend Engineer,2024-04-26
Senior Frontend & Backend Engineer,Orbit Future Academy,"Setiabudi, Jakarta Selatan, DKI Jakarta",Remote/Dari rumah,Not Written,"experience,logo,Software Engineering,Software Development,Website Management",https://glints.com/id/opportunities/jobs/senior-frontend-and-backend-engineer/c8fc1ec8-21e7-4141-a086-4625b4442677?utm_referrer=explore,c8fc1ec8-21e7-4141-a086-4625b4442677,part_time,Remote/Dari rumah,5 – 10 tahun,Minimal Sarjana (S1),Computer & Information Technology,Software,Software Engineer,2024-04-26
Frontend Engineer (Vue / Cypress),Pt Bionic Teknologi Indonesia,"Tebet, Jakarta Selatan, DKI Jakarta",Kerja di kantor,Not Written,"experience,logo,Front End,Cypress,Vue.js",https://glints.com/id/opportunities/jobs/frontend-engineer-vue-cypress/3bf27053-c9cd-4f1d-a171-c4f30db3fdef?utm_referrer=explore,3bf27053-c9cd-4f1d-a171-c4f30db3fdef,full_time,Kerja di kantor,1 – 3 tahun,Minimal SMA/SMK,Computer & Information Technology,Frontend Development,Frontend Engineer,2024-04-26
React Js Frontend Developer,Geekgarden,"Jagakarsa, Jakarta Selatan, DKI Jakarta",Kerja di kantor,Not Written,"experience,logo,TypeScript,React.js,JavaScript,Java,CSS3",https://glints.com/id/opportunities/jobs/react-js-frontend-developer/fbe08403-bef9-447c-b172-96749c75836e?utm_referrer=explore,fbe08403-bef9-447c-b172-96749c75836e,full_time,Kerja di kantor,1 – 3 tahun,Minimal Sarjana (S1),Computer & Information Technology,Software,Software Developer,2024-04-26
Senior Web Frontend Engineer,PT Diraya Mahala Adhikari,"Kebayoran Baru, Jakarta Selatan, DKI Jakarta",Remote/Dari rumah,Rp13jt-Rp35jt,"experience,salary,logo,React.js,HTML5,CSS3,JavaScript,Webpack,Debugging Tools,Npm,Node.js",https://glints.com/id/opportunities/jobs/senior-web-frontend-engineer/ed192496-a218-41a7-9466-434a8f9b7bfa?utm_referrer=explore,ed192496-a218-41a7-9466-434a8f9b7bfa,part_time,Remote/Dari rumah,5 – 10 tahun,Minimal Diploma (D1 - D4),Computer & Information Technology,Frontend Development,Frontend Engineer,2024-04-26
IT Frontend & Backend Developer,PT Lobunta Kencana Raya,"Sawah Besar, Jakarta Pusat, DKI Jakarta",Kerja di kantor,Not Written,"experience,logo,Search Engine Optimization (SEO),JavaScript,Web Development",https://glints.com/id/opportunities/jobs/it-frontend-and-backend-developer/92139ff9-a5bc-49aa-a319-398def61398d?utm_referrer=explore,92139ff9-a5bc-49aa-a319-398def61398d,full_time,Kerja di kantor,1 – 3 tahun,Minimal Sarjana (S1),Computer & Information Technology,Software,Web Developer,2024-04-26
Frontend Developer - Vue Js,Mumtaz Teknologi Indonesia,"Kramatjati, Jakarta Timur, DKI Jakarta",Remote/Dari rumah,Not Written,"experience,logo,TypeScript,TailwindCSS,Bootstrap,JavaScript,Attention to Detail,Vue.js,Nuxt.js",https://glints.com/id/opportunities/jobs/frontend-developer-vue-js/4694a7c5-c82d-4e66-9b4f-6282172c66f4?utm_referrer=explore,4694a7c5-c82d-4e66-9b4f-6282172c66f4,full_time,Remote/Dari rumah,1 – 3 tahun,Minimal Diploma (D1 - D4),Computer & Information Technology,Software,Developer,2024-04-26
Frontend Developer (Project Based),Vodjo,"Cibeunying Kidul, Bandung, Jawa Barat",Remote/Dari rumah,Rp5jt,"experience,salary,logo,React.js,React Native,Vue.js",https://glints.com/id/opportunities/jobs/frontend-developer-project-based/91a2615e-5326-4040-9d02-09cf0c710fbe?utm_referrer=explore,91a2615e-5326-4040-9d02-09cf0c710fbe,contract,Remote/Dari rumah,3 – 5 tahun,Minimal SMA/SMK,Computer & Information Technology,Frontend Development,Frontend Engineer,2024-04-26
Fronted Developer,Pt. Quantus Telematika Indonesia,"Coblong, Bandung, Jawa Barat",Kerja di kantor,Not Written,"experience,logo,JavaScript,CSS3,React.js,GIT,Vue.js,React Native,HTML5",https://glints.com/id/opportunities/jobs/fronted-developer/abe705b4-9be4-4d0b-a958-fd8f2d0e379e?utm_referrer=explore,abe705b4-9be4-4d0b-a958-fd8f2d0e379e,full_time,Kerja di kantor,1 – 3 tahun,Minimal Diploma (D1 - D4),Computer & Information Technology,Mobile Development,Mobile Developer,2024-04-26
Frontend Engineer (ReactJs / React Native),PT Pelita Anugerah Perkasa,"Tebet, Jakarta Selatan, DKI Jakarta",Kerja di kantor,Rp10jt-Rp14jt,"experience,salary,logo,HTML5,CSS3,React Native,Frontend Development,JavaScript,React.js,Vue.js",https://glints.com/id/opportunities/jobs/frontend-engineer-reactjs-react-native/b585d17e-5e93-4dee-a30a-9e9b097051e9?utm_referrer=explore,b585d17e-5e93-4dee-a30a-9e9b097051e9,full_time,Kerja di kantor,3 – 5 tahun,Minimal Sarjana (S1),Computer & Information Technology,Frontend Development,Frontend Engineer,2024-04-26
Frontend Web Developer (Reactjs & ElectronJS),Ur (pt. Rahmat Tuhan Lestari),"Babakan Ciparay, Bandung, Jawa Barat",Kerja di kantor,Not Written,"experience,logo,React.js,Relational Databases,MySQL",https://glints.com/id/opportunities/jobs/frontend-web-developer-reactjs-and-electronjs/175c78d3-abd5-4450-88fb-d975f8a07632?utm_referrer=explore,175c78d3-abd5-4450-88fb-d975f8a07632,full_time,Kerja di kantor,Kurang dari setahun,Minimal SMA/SMK,Computer & Information Technology,Software,Programmer,2024-04-26
Backend stack dan Frontend stack,Inotal Sistema International,"Gambir, Jakarta Pusat, DKI Jakarta",Kerja di kantor,Not Written,"experience,logo,Mercure,Php Symfony,TailwindCSS,Vite,Php Swoole,React.js,PHP",https://glints.com/id/opportunities/jobs/backend-stack-dan-frontend-stack/e23625fd-527a-4963-be6f-72b1d182d40a?utm_referrer=explore,e23625fd-527a-4963-be6f-72b1d182d40a,contract,Kerja di kantor,3 – 5 tahun,Minimal Diploma (D1 - D4),Computer & Information Technology,Software,Programmer,2024-04-26
Software Developer For UX and Frontend,PT Fleischhacker Solutions Indonesia,"Penjaringan, Jakarta Utara, DKI Jakarta",Kerja di kantor,Not Written,"experience,logo,Experience In Devexpress Is A Plus.,Understanding Of Agile Methodologies,Hl7, Dicom Protocols,Ui/ux Designer,Html5, Css3, And Javascript.,English Languange,C#, Visual Basic .Net",https://glints.com/id/opportunities/jobs/software-developer-for-ux-and-frontend/2e4bdca7-fe83-4cdd-8c68-190b0c1f08c2?utm_referrer=explore,2e4bdca7-fe83-4cdd-8c68-190b0c1f08c2,full_time,Kerja di kantor,3 – 5 tahun,Minimal Sarjana (S1),Computer & Information Technology,Software,Software Developer,2024-04-26
Frontend Engineer JOG (Middle - Senior Level),Meda,"Kapanewon Sleman, Sleman, DI Yogyakarta",Kerja di kantor,Rp4jt-Rp10jt,"experience,salary,logo,React.js,Dart,Mobile App Development,Nuxt.js,JavaScript",https://glints.com/id/opportunities/jobs/frontend-engineer-jog-middle-senior-level/0ada70de-2c60-4660-9ad5-86c59dfb7e3e?utm_referrer=explore,0ada70de-2c60-4660-9ad5-86c59dfb7e3e,full_time,Kerja di kantor,1 – 3 tahun,Minimal Sarjana (S1),Computer & Information Technology,Frontend Development,Frontend Engineer,2024-04-26
Senior Web Fronted Engineer,PT. Infinity Plus Solution,"Setiabudi, Jakarta Selatan, DKI Jakarta",Remote/Dari rumah,Rp13jt-Rp15jt,"experience,salary,logo,JavaScript,Node.js,jQuery,HTML5",https://glints.com/id/opportunities/jobs/senior-web-fronted-engineer/b6acb505-a888-4804-92e2-c3ae3a1ddb3e?utm_referrer=explore,b6acb505-a888-4804-92e2-c3ae3a1ddb3e,part_time,Remote/Dari rumah,5 – 10 tahun,Minimal Diploma (D1 - D4),Computer & Information Technology,Software,Senior Software Engineer,2024-04-26
Front End Developer,Evello.co.id,"Setiabudi, Jakarta Selatan, DKI Jakarta",Kerja di kantor,"Rp3,5jt-Rp5jt","experience,salary,logo,Graphic Chart,Vega,CSS3,Social Network Chart,Network Graph,React Native,JSON,HTML5,Bootstrap,JavaScript,UI Design,Node.js,D3.js, Restful Apis,TypeScript,Desain Visualisasi Data,RxJS,SQL,Vue.js,Semantic Web,Social Network Analysis,React.js",https://glints.com/id/opportunities/jobs/front-end-developer/be719eb0-f641-4886-9e34-1bfefef6307a?utm_referrer=explore,be719eb0-f641-4886-9e34-1bfefef6307a,full_time,Kerja di kantor,1 – 3 tahun,Minimal Sarjana (S1),Computer & Information Technology,Frontend Development,Frontend Engineer,2024-04-26
Front-end Developer,Kuasar,"Menteng, Jakarta Pusat, DKI Jakarta",Remote/Dari rumah,Not Written,"experience,logo,TypeScript,GIT,HTML5,JavaScript,Communication Skills,Problem Solving Skills,Attention to Detail,CSS3,Frontend Development,Collaboration Skill,React.js",https://glints.com/id/opportunities/jobs/front-end-developer/00b37b20-34bf-484c-aeec-ef328051cc7c?utm_referrer=explore,00b37b20-34bf-484c-aeec-ef328051cc7c,internship,Remote/Dari rumah,Kurang dari setahun,Minimal Sarjana (S1),Computer & Information Technology,Frontend Development,Frontend Engineer,2024-04-26
Front End Developer,PT Juke Solusi Teknologi,"Cempaka Putih, Jakarta Pusat, DKI Jakarta",Kerja di kantor,Not Written,"experience,logo,Node Js,React Native,HTML5",https://glints.com/id/opportunities/jobs/front-end-developer/7e440086-25ff-46f7-870d-8817b39516e8?utm_referrer=explore,7e440086-25ff-46f7-870d-8817b39516e8,full_time,Kerja di kantor,3 – 5 tahun,Minimal Sarjana (S1),Computer & Information Technology,Frontend Development,Frontend Engineer,2024-04-26
Front End Developer,PT. Cyber Edu Inkor,"Pasar Minggu, Jakarta Selatan, DKI Jakarta",Kerja di kantor,Not Written,"experience,logo,React.js,JavaScript,TypeScript,REST API,MySQL",https://glints.com/id/opportunities/jobs/front-end-developer/2a6c8df3-5026-4bc9-97e9-541bad5812f8?utm_referrer=explore,2a6c8df3-5026-4bc9-97e9-541bad5812f8,full_time,Kerja di kantor,5 – 10 tahun,Minimal Sarjana (S1),Computer & Information Technology,Frontend Development,Frontend Engineer,2024-04-26
Front-End Developer Intern,Zettabyte Pte Ltd,"Kapanewon Depok, Sleman, DI Yogyakarta",Kerja di kantor,Not Written,"logo,Software Development,Frontend Development,JavaScript",https://glints.com/id/opportunities/jobs/front-end-developer-intern/8947d535-b8d8-4959-8bfe-79488a47205f?utm_referrer=explore,8947d535-b8d8-4959-8bfe-79488a47205f,internship,Kerja di kantor,Minimal SMA/SMK,Software Development,Computer & Information Technology,Frontend Development,Frontend Engineer,2024-04-26
Front End Engineer (Nuxt 3),Pt Tokoplas Ecommerce Indonesia,"Gambir, Jakarta Pusat, DKI Jakarta",Kerja di kantor,Not Written,"experience,logo,Computer Science, Nuxt 3,Front End Web Developer",https://glints.com/id/opportunities/jobs/front-end-engineer-nuxt-3/e148d0b6-a7de-4f0a-8aaa-b61317e9a419?utm_referrer=explore,e148d0b6-a7de-4f0a-8aaa-b61317e9a419,full_time,Kerja di kantor,1 – 3 tahun,Minimal Sarjana (S1),Computer & Information Technology,Frontend Development,Frontend Engineer,2024-04-26
Front End Developer (Full Remote WFH),Sociabuzz,"Mantrijeron, Yogyakarta, DI Yogyakarta",Remote/Dari rumah,Rp3jt-Rp5jt,"experience,salary,logo,CSS3,Frontend Development,Responsive Web Design",https://glints.com/id/opportunities/jobs/front-end-developer-full-remote-wfh/2356fcb1-1939-48dd-a9eb-03ef248929ad?utm_referrer=explore,2356fcb1-1939-48dd-a9eb-03ef248929ad,contract,Remote/Dari rumah,1 – 3 tahun,Minimal Diploma (D1 - D4),Computer & Information Technology,Frontend Development,Frontend Engineer,2024-04-26
Front End Developer,Software Seni,"Kemantren Gondokusuman, Yogyakarta, DI Yogyakarta",Kerja di kantor,Not Written,"experience,logo,JavaScript,HTML5,CSS3",https://glints.com/id/opportunities/jobs/front-end-developer/8174b931-4d3b-4a54-9180-02ca4b8695b0?utm_referrer=explore,8174b931-4d3b-4a54-9180-02ca4b8695b0,full_time,Kerja di kantor,3 – 5 tahun,Minimal Diploma (D1 - D4),Computer & Information Technology,Software,Software Engineer,2024-04-26
Front End Developer Intern (Paid & Full Remote WFH),Sociabuzz,"Kemantren Umbulharjo, Yogyakarta, DI Yogyakarta",Remote/Dari rumah,"Rp1,5jt-Rp1,5jt","experience,salary,logo,CSS3,Responsive Web Design,Frontend Development",https://glints.com/id/opportunities/jobs/front-end-developer-intern-paid-and-full-remote-wfh/6bebe0b2-77a2-4dff-bf13-54bcabbd6d2d?utm_referrer=explore,6bebe0b2-77a2-4dff-bf13-54bcabbd6d2d,internship,Remote/Dari rumah,Kurang dari setahun,Minimal SMA/SMK,Computer & Information Technology,Frontend Development,Frontend Engineer,2024-04-26
Front End Engineer,Pensieve,"Kebayoran Baru, Jakarta Selatan, DKI Jakarta",Kerja di kantor,Not Written,"experience,logo,React.js,GIT,JavaScript,TypeScript,GraphQL",https://glints.com/id/opportunities/jobs/front-end-engineer/80980390-a9cc-4bcb-a4b0-d2271aff04af?utm_referrer=explore,80980390-a9cc-4bcb-a4b0-d2271aff04af,full_time,Kerja di kantor,1 – 3 tahun,Minimal Diploma (D1 - D4),Computer & Information Technology,Software,Software Engineer,2024-04-26
Front-End Developer,Natural Farm,"Kebon Jeruk, Jakarta Barat, DKI Jakarta",Kerja di kantor,Not Written,"experience,logo,JavaScript,Vue.js,HTML5,Nuxt.js",https://glints.com/id/opportunities/jobs/front-end-developer/67b0953c-31c6-4f63-a8a6-08191a6fa713?utm_referrer=explore,67b0953c-31c6-4f63-a8a6-08191a6fa713,full_time,Kerja di kantor,1 – 3 tahun,Minimal Diploma (D1 - D4),Computer & Information Technology,Software,Software Developer,2024-04-26
Front End Developer,Software Seni,"Bandung Wetan, Bandung, Jawa Barat",Kerja di kantor,Not Written,"experience,logo,JavaScript,React Js,HTML5,CSS3",https://glints.com/id/opportunities/jobs/front-end-developer/6ac290bc-d586-4dbf-aeb8-09900048d37d?utm_referrer=explore,6ac290bc-d586-4dbf-aeb8-09900048d37d,full_time,Kerja di kantor,3 – 5 tahun,Minimal Diploma (D1 - D4),Computer & Information Technology,Software,Software Developer,2024-04-26
Front End Developer,PT Hacaca Central Logistics,"Tarumajaya, Bekasi, Jawa Barat",Kerja di kantor,Rp5jt-Rp7jt,"experience,salary,logo,Node.js,JavaScript,REST API",https://glints.com/id/opportunities/jobs/front-end-developer/fb4f952d-b7b7-49ec-95d2-678b962007be?utm_referrer=explore,fb4f952d-b7b7-49ec-95d2-678b962007be,full_time,Kerja di kantor,1 – 3 tahun,Minimal Sarjana (S1),Computer & Information Technology,Software,Software Engineer,2024-04-26
Front End Developer (ReactJS),Id/x Partners,"Tanah Abang, Jakarta Pusat, DKI Jakarta",Kerja di kantor,Not Written,"experience,logo,PHP,React.js,JavaScript,Angular.js",https://glints.com/id/opportunities/jobs/front-end-developer-reactjs/f430d55c-0e5d-41e3-a1c5-0bb5b52408fc?utm_referrer=explore,f430d55c-0e5d-41e3-a1c5-0bb5b52408fc,full_time,Kerja di kantor,1 – 3 tahun,Minimal Sarjana (S1),Computer & Information Technology,Software,Software Engineer,2024-04-26
Web Developer Front-End,PT Sumber Trijaya Lestari (Aksesmu),"Pinang, Tangerang, Banten",Kerja di kantor,Rp5jt-Rp6jt,"experience,salary,logo,TailwindCSS,Vue.js,Web Development,JavaScript",https://glints.com/id/opportunities/jobs/web-developer-front-end/c11b8375-ff57-4565-a6d1-7636bb236c34?utm_referrer=explore,c11b8375-ff57-4565-a6d1-7636bb236c34,full_time,Kerja di kantor,Kurang dari setahun,Minimal Diploma (D1 - D4),Computer & Information Technology,Software,Web Developer,2024-04-26
Front End Auditor (Checker),PT. Arta Boga Cemerlang Bali NTR (Orang Tua Group),"Sukawati, Gianyar, Bali",Kerja di kantor,Not Written,"experience,logo,Auditing,Accounting,Interpersonal Communication",https://glints.com/id/opportunities/jobs/front-end-auditor-checker/d58f1818-7b92-4e42-91ad-51b4b3653320?utm_referrer=explore,d58f1818-7b92-4e42-91ad-51b4b3653320,full_time,Kerja di kantor,Kurang dari setahun,Minimal Sarjana (S1),Accounting & Finance,"Audit, Accounting & Taxation Service",Auditor,2024-04-26
Front End Developer - Internship,Tupai Tech,"Laweyan, Surakarta, Jawa Tengah",Remote/Dari rumah,Not Written,"experience,logo,Information Technology,Programming Languages,Web Development,Problem Solving Skills,Frontend Development",https://glints.com/id/opportunities/jobs/front-end-developer-internship/d04a1a6a-c0ae-49f8-bf6a-a0492b6ed20e?utm_referrer=explore,d04a1a6a-c0ae-49f8-bf6a-a0492b6ed20e,internship,Remote/Dari rumah,Kurang dari setahun,Minimal SMA/SMK,Computer & Information Technology,Software,Developer,2024-04-26
Junior / Middle - Front End Developer,PT Sentuh Digital Teknologi,"Jagakarsa, Jakarta Selatan, DKI Jakarta",Kerja di kantor,Rp6jt-Rp7jt,"experience,salary,logo,JavaScript,HTML5,Vue.js,React.js",https://glints.com/id/opportunities/jobs/junior-middle-front-end-developer/9b2df59e-c9ce-4ab8-90af-96462c2249f7?utm_referrer=explore,9b2df59e-c9ce-4ab8-90af-96462c2249f7,daily,Kerja di kantor,1 – 3 tahun,Minimal Sarjana (S1),Computer & Information Technology,Software,Programmer,2024-04-26
WFO - Front End Developer (React),PT Data Andalan Utama Semarang,"Semarang Utara, Semarang, Jawa Tengah",Kerja di kantor,"Rp2,5jt-Rp9jt","experience,salary,logo,React.js,Vue.js,Angular.js,Frontend Development",https://glints.com/id/opportunities/jobs/wfo-front-end-developer-react/e425881f-c3fd-462a-ab9a-1e1c5029a264?utm_referrer=explore,e425881f-c3fd-462a-ab9a-1e1c5029a264,full_time,Kerja di kantor,1 – 3 tahun,Minimal Diploma (D1 - D4),Others,Others,Others,2024-04-26
Front End Developer (RaectJS NextJS),Pt Platinumetrix Global Inovasi,"Gambir, Jakarta Pusat, DKI Jakarta",Kerja di kantor,Rp5jt-Rp10jt,"experience,salary,logo,React.js,TypeScript,CSS3",https://glints.com/id/opportunities/jobs/front-end-developer-raectjs-nextjs/73faa72c-bad2-4c3b-b33c-51e7b0363b52?utm_referrer=explore,73faa72c-bad2-4c3b-b33c-51e7b0363b52,full_time,Kerja di kantor,1 – 3 tahun,Minimal Sarjana (S1),Computer & Information Technology,Other Computer & Information Technology,Information Technology Staff,2024-04-26
Front End Engineer (FULL TIME - ONSITE),IYKRA,"Setiabudi, Jakarta Selatan, DKI Jakarta",Kerja di kantor,Not Written,"experience,logo,React.js,HTML5,Angular.js",https://glints.com/id/opportunities/jobs/front-end-engineer-full-time-onsite/2d7a9625-f5b8-4262-8fa6-f40915df5817?utm_referrer=explore,2d7a9625-f5b8-4262-8fa6-f40915df5817,part_time,Kerja di kantor,1 – 3 tahun,Minimal Sarjana (S1),Computer & Information Technology,Other Computer & Information Technology,Information Technology Staff,2024-04-26
Front Office,PT Anak Sehat Idaman Hati,"Kebayoran Baru, Jakarta Selatan, DKI Jakarta",Kerja di kantor,Not Written,"experience,logo,Microsoft Office,Communication Skills,English Languange,Korean Language,Adaptability,Teamwork",https://glints.com/id/opportunities/jobs/front-office/b3b34ccb-d573-4b6a-a22f-e41ece16c528?utm_referrer=explore,b3b34ccb-d573-4b6a-a22f-e41ece16c528,full_time,Kerja di kantor,1 – 3 tahun,Minimal Diploma (D1 - D4),Healthcare,Nursing,Health Administrator,2024-04-26
Front Liner,Semana Residences By Cove,"Ubud, Gianyar, Bali",Kerja di kantor,Not Written,"experience,logo,Hospitality Management,Frontliner,Teamwork",https://glints.com/id/opportunities/jobs/front-liner/71e4ff70-1109-4b38-b877-a46e7f7579fd?utm_referrer=explore,71e4ff70-1109-4b38-b877-a46e7f7579fd,full_time,Kerja di kantor,1 – 3 tahun,Minimal SMA/SMK,"Hotel, Restaurant & Travel","Other Hotel, Restaurant & Travel","Other Hotel, Restaurant & Travel Positions",2024-04-26
Front Officer,Dream Dermis Klinik Estetika,"Cikupa, Tangerang, Banten",Kerja di kantor,Not Written,"experience,logo,Communication Skills,Customer Relations,Interpersonal Skills",https://glints.com/id/opportunities/jobs/front-officer/dd74a397-6e37-48d5-ad77-004ed048d794?utm_referrer=explore,dd74a397-6e37-48d5-ad77-004ed048d794,full_time,Kerja di kantor,1 – 3 tahun,Minimal SMA/SMK,Administrative & Human Resources,Administrative,Receptionist,2024-04-26
React Native Developer,"Altech Omega Andalan, Pt","Kemantren Mergangsan, Yogyakarta, DI Yogyakarta",Kerja di kantor,"Rp4,5jt-Rp6,5jt","experience,salary,logo,Mobile App Development,Frontend Development,JavaScript,React Native",https://glints.com/id/opportunities/jobs/react-native-developer/84731904-5a08-4c73-9169-0dadc9d80ca4?utm_referrer=explore,84731904-5a08-4c73-9169-0dadc9d80ca4,full_time,Kerja di kantor,3 – 5 tahun,Minimal SMA/SMK,Computer & Information Technology,Frontend Development,Frontend Engineer,2024-04-26
React Js,PT Entrepreneur Trust Digital,"Tanah Abang, Jakarta Pusat, DKI Jakarta",Kerja di kantor,Rp6jt-Rp9jt,"experience,salary,logo,Reactjs,Redux,JavaScript,State Management",https://glints.com/id/opportunities/jobs/react-js/1b2dc3c2-c342-4118-9451-820ebcb034f5?utm_referrer=explore,1b2dc3c2-c342-4118-9451-820ebcb034f5,full_time,Kerja di kantor,1 – 3 tahun,Minimal Sarjana (S1),Computer & Information Technology,Frontend Development,Frontend Engineer,2024-04-26
Market Analyst (Palm or Vegetable Oil or Related Value Chain),PT AGPA Refinery Complex,"Kebayoran Baru, Jakarta Selatan, DKI Jakarta",Kerja di kantor,Not Written,"experience,logo,Microsoft Excel,Marketing Strategy,Market Research,Trade Marketing,Data Analytics,Communication Skills",https://glints.com/id/opportunities/jobs/market-analyst-palm-or-vegetable-oil-or-related-value-chain/1e6eb7f7-0b63-4c0c-a786-4e5bd1f75a53?utm_referrer=explore,1e6eb7f7-0b63-4c0c-a786-4e5bd1f75a53,contract,Kerja di kantor,3 – 5 tahun,Minimal Sarjana (S1),"Legal, Consulting & Translation",Consulting,Market Researcher,2024-04-26
FRONT LINER,Serasa Salad Bar Bandung,"Bandung Wetan, Bandung, Jawa Barat",Kerja di kantor,Not Written,"experience,logo,Steward,Cook,Communication Skills,Computer Skills",https://glints.com/id/opportunities/jobs/front-liner/9319ba26-4d36-401c-89a5-4d91c58af3d8?utm_referrer=explore,9319ba26-4d36-401c-89a5-4d91c58af3d8,full_time,Kerja di kantor,1 – 3 tahun,Minimal SMA/SMK,Customer Service,Customer Service,Customer Service Representative,2024-04-26
Front Office,Cove,"Ubud, Gianyar, Bali",Kerja di kantor,Not Written,"experience,logo,Hospitality Management,Problem Solving Skills,Communication Skills",https://glints.com/id/opportunities/jobs/front-office/90f56818-c34b-474c-bf6c-c70f5e03d2dc?utm_referrer=explore,90f56818-c34b-474c-bf6c-c70f5e03d2dc,full_time,Kerja di kantor,1 – 3 tahun,Minimal Diploma (D1 - D4),"Hotel, Restaurant & Travel",Hotel,Hotel Receptionist,2024-04-26
Front Office,PT. Delta Wibawa Bersama,"Kebayoran Baru, Jakarta Selatan, DKI Jakarta",Kerja di kantor,Not Written,"experience,logo,Strong Communication Skills,Customer Service,Administration",https://glints.com/id/opportunities/jobs/front-office/c011d98c-5334-4fdb-8576-f4b28bd997d5?utm_referrer=explore,c011d98c-5334-4fdb-8576-f4b28bd997d5,full_time,Kerja di kantor,Kurang dari setahun,Minimal Diploma (D1 - D4),Customer Service,Customer Service,Customer Service Representative,2024-04-26
Frontliner,PT Jayaland Sejahtera,"Sumber, Cirebon, Jawa Barat",Kerja di kantor,Not Written,"experience,logo,Social Media Marketing & Management,Sales and Marketing,Digital Marketing",https://glints.com/id/opportunities/jobs/frontliner/bc91e470-46a6-4d8b-9584-6339c79743ff?utm_referrer=explore,bc91e470-46a6-4d8b-9584-6339c79743ff,full_time,Kerja di kantor,Kurang dari setahun,Minimal Diploma (D1 - D4),Computer & Information Technology,Frontend Development,Frontend Engineer,2024-04-26
Front Desk,Woven Jiu Jitsu,"Mengwi, Badung, Bali",Kerja di kantor,Rp100rb,"experience,salary,logo,Sales Operations,Communication Skills,English Languange",https://glints.com/id/opportunities/jobs/front-desk/57faa810-4c54-4f9b-ab48-3b619ee99af4?utm_referrer=explore,57faa810-4c54-4f9b-ab48-3b619ee99af4,full_time,Kerja di kantor,1 – 3 tahun,Minimal Diploma (D1 - D4),Administrative & Human Resources,Administrative,Receptionist,2024-04-26
Barista and/or Cashier,PT Putri Kebun Lestari,"Menteng, Jakarta Pusat, DKI Jakarta",Kerja di kantor,Not Written,"experience,logo,Penyajian Kopi,Pengolahan Kopi,Pengoperasian Mesin Kopi,Pengoperasian Mesin Kasir",https://glints.com/id/opportunities/jobs/barista-and-or-cashier/833b5d29-3f41-4da7-afa8-10fa12d036e0?utm_referrer=explore,833b5d29-3f41-4da7-afa8-10fa12d036e0,full_time,Kerja di kantor,1 – 3 tahun,Minimal SMA/SMK,"Hotel, Restaurant & Travel","Food, Beverage & Restaurant",Barista,2024-04-26
Back End Developer,PT. Bosowa Berlian Motor,"Panakkukang, Makassar, Sulawesi Selatan",Kerja di kantor,Not Written,"experience,logo,NestJS,PHP,Laravel",https://glints.com/id/opportunities/jobs/back-end-developer/fd039929-242e-470d-9a6b-f451dac8acc4?utm_referrer=explore,fd039929-242e-470d-9a6b-f451dac8acc4,full_time,Kerja di kantor,1 – 3 tahun,Minimal Diploma (D1 - D4),Computer & Information Technology,Artificial Intelligence,AI Engineer,2024-04-26
FRONT OFFICE,Glowry Aesthetic Clinic,"Jagakarsa, Jakarta Selatan, DKI Jakarta",Kerja di kantor,Not Written,"experience,logo,Sales Operations,Microsoft Excel,Administration",https://glints.com/id/opportunities/jobs/front-office/be7314e9-4c0c-4896-8e95-5b3b78416f72?utm_referrer=explore,be7314e9-4c0c-4896-8e95-5b3b78416f72,full_time,Kerja di kantor,Kurang dari setahun,Minimal SMA/SMK,"Hotel, Restaurant & Travel","Food, Beverage & Restaurant",Cashier,2024-04-26
Front Office,JT Clinic,"Jatinegara, Jakarta Timur, DKI Jakarta",Kerja di kantor,Not Written,"experience,logo,Administration,Office Administration,Microsoft Office",https://glints.com/id/opportunities/jobs/front-office/c1037a13-5d22-4c1a-b661-9daeb32cf608?utm_referrer=explore,c1037a13-5d22-4c1a-b661-9daeb32cf608,full_time,Kerja di kantor,Kurang dari setahun,Minimal Diploma (D1 - D4),Administrative & Human Resources,Administrative,Administrative Staff,2024-04-26
Front Office,MDA Restaurants,"Setiabudi, Jakarta Selatan, DKI Jakarta",Kerja di kantor,Not Written,"experience,logo,Sales and Marketing,Communication Skills,Customer Service",https://glints.com/id/opportunities/jobs/front-office/b133de65-f1dd-46b6-8aac-f206faa05511?utm_referrer=explore,b133de65-f1dd-46b6-8aac-f206faa05511,full_time,Kerja di kantor,1 – 3 tahun,Minimal SMA/SMK,Administrative & Human Resources,Administrative,Receptionist,2024-04-26
Front Liner,PT SAM JAYA PERKASA,"Cicendo, Bandung, Jawa Barat",Kerja di kantor,Rp2jt-Rp3jt,"experience,salary,logo,Teamwork,Strong Communication Skills,Microsoft Office",https://glints.com/id/opportunities/jobs/front-liner/4a55666d-13b6-431b-bce6-f9952be0a00f?utm_referrer=explore,4a55666d-13b6-431b-bce6-f9952be0a00f,full_time,Kerja di kantor,1 – 3 tahun,Minimal SMA/SMK,Business Development & Sales,Sales,Sales Consultant,2024-04-26
Front Desk,PT. Tirta Jaya Unggul,"Tegalsari, Surabaya, Jawa Timur",Kerja di kantor,Rp2jt-Rp2jt,"experience,salary,logo,Customer Service,Marketing Communications,Customer Experience",https://glints.com/id/opportunities/jobs/front-desk/ce4eaf7d-e405-4e1c-95c0-442fcdddc378?utm_referrer=explore,ce4eaf7d-e405-4e1c-95c0-442fcdddc378,full_time,Kerja di kantor,1 – 3 tahun,Minimal SMA/SMK,Customer Service,Customer Service,Customer Service Representatives,2024-04-26
Front Liner,Adelinee Id,"Menteng, Jakarta Pusat, DKI Jakarta",Kerja di kantor,Not Written,"experience,logo,Positive Attitude,Time Management,Communication Skills",https://glints.com/id/opportunities/jobs/front-liner/fe553309-903b-4fd7-b7f8-fdd0a93dabcf?utm_referrer=explore,fe553309-903b-4fd7-b7f8-fdd0a93dabcf,full_time,Kerja di kantor,1 – 3 tahun,Minimal SMA/SMK,Administrative & Human Resources,Administrative,Receptionist,2024-04-26
Front Liner,Adelinee Id,"Kebayoran Baru, Jakarta Selatan, DKI Jakarta",Kerja di kantor,Not Written,"experience,logo,Time Management,Positive Attitude,Communication Skills",https://glints.com/id/opportunities/jobs/front-liner/be4df783-5206-4f4a-950d-db7778aba8c5?utm_referrer=explore,be4df783-5206-4f4a-950d-db7778aba8c5,full_time,Kerja di kantor,1 – 3 tahun,Minimal SMA/SMK,Administrative & Human Resources,Administrative,Receptionist,2024-04-26
Barista and/or Cashier,PT Putri Kebun Lestari,"Menteng, Jakarta Pusat, DKI Jakarta",Kerja di kantor,Not Written,"experience,logo,Penyajian Kopi,Pengolahan Kopi,Pengoperasian Mesin Kopi,Pengoperasian Mesin Kasir",https://glints.com/id/opportunities/jobs/barista-and-or-cashier/833b5d29-3f41-4da7-afa8-10fa12d036e0?utm_referrer=explore,833b5d29-3f41-4da7-afa8-10fa12d036e0,full_time,Kerja di kantor,1 – 3 tahun,Minimal SMA/SMK,"Hotel, Restaurant & Travel","Food, Beverage & Restaurant",Barista,2024-04-26
Back End Developer,PT Rect Media Komputindo,"Semarang Tengah, Semarang, Jawa Tengah",Kerja di kantor,Rp3jt-Rp5jt,"experience,salary,logo,Laravel,PHP,Python,Go / Golang",https://glints.com/id/opportunities/jobs/back-end-developer/fbcc6efd-3e92-47c8-848b-28fd57ee1478?utm_referrer=explore,fbcc6efd-3e92-47c8-848b-28fd57ee1478,full_time,Kerja di kantor,1 – 3 tahun,Minimal Sarjana (S1),Computer & Information Technology,Backend Development,Backend Developer,2024-04-26
Front Office,Neuvel Aesthetic & Dental Clinic,"Gubeng, Surabaya, Jawa Timur",Kerja di kantor,"Rp2,5jt","experience,salary,logo,Microsoft Office,Customer Service,Customer Relations",https://glints.com/id/opportunities/jobs/front-office/6195cc0d-592b-4126-a31e-2fc4b9cd676d?utm_referrer=explore,6195cc0d-592b-4126-a31e-2fc4b9cd676d,full_time,Kerja di kantor,1 – 3 tahun,Minimal Diploma (D1 - D4),Customer Service,Customer Service,Customer Service Representative,2024-04-26
Backend dot NET / Front-End React JS / Mobile React Native,PT Aksata Digital Inovasi,"Kebon Jeruk, Jakarta Barat, DKI Jakarta",Remote/Dari rumah,Not Written,"experience,logo,.NET,React Native,React.js",https://glints.com/id/opportunities/jobs/backend-dot-net-front-end-react-js-mobile-react-native/64b9c8f3-f424-4c4c-b229-39544c93c91e?utm_referrer=explore,64b9c8f3-f424-4c4c-b229-39544c93c91e,full_time,Remote/Dari rumah,3 – 5 tahun,Minimal SMA/SMK,Computer & Information Technology,Software,Programmer,2024-04-26
Front Office,North Wing Canggu Resort,"Kuta, Badung, Bali",Kerja di kantor,Not Written,"experience,logo,Teamwork,Positive Attitude,Attention to Detail",https://glints.com/id/opportunities/jobs/front-office/57c93096-0296-4b63-933f-ae223be0e047?utm_referrer=explore,57c93096-0296-4b63-933f-ae223be0e047,full_time,Kerja di kantor,1 – 3 tahun,Minimal SMA/SMK,"Hotel, Restaurant & Travel",Hotel,Hotel Receptionist,2024-04-26
Back End Developer,PT Bangunperkasa Adhitamasentra,"Pal Merah, Jakarta Barat, DKI Jakarta",Kerja di kantor,Not Written,"experience,logo,API Development,gRPC,SQL,Back-End Web Development,Programming Languages,Core Java,Redis,REST API",https://glints.com/id/opportunities/jobs/back-end-developer/a91f8c38-59b2-4804-afd1-bfae08b42216?utm_referrer=explore,a91f8c38-59b2-4804-afd1-bfae08b42216,full_time,Kerja di kantor,1 – 3 tahun,Minimal Sarjana (S1),Computer & Information Technology,Software,Developer,2024-04-26
Internship Front Office,Best Western Premier The Hive,"Jatinegara, Jakarta Timur, DKI Jakarta",Kerja di kantor,Rp400rb-Rp500rb,"salary,logo,Microsoft Office,Strong Communication Skills,Teamwork",https://glints.com/id/opportunities/jobs/internship-front-office/17b455b9-c544-48db-a121-4a79031c5e40?utm_referrer=explore,17b455b9-c544-48db-a121-4a79031c5e40,internship,Kerja di kantor,Minimal SMA/SMK,Microsoft Office,"Hotel, Restaurant & Travel","Other Hotel, Restaurant & Travel","Other Hotel, Restaurant & Travel Positions",2024-04-26
Front Office,Brothers Inn Babarsari,"Kapanewon Depok, Sleman, DI Yogyakarta",Kerja di kantor,Not Written,"experience,logo,Customer Service,Strong Communication Skills,Teamwork,Frontliner,Positive Attitude",https://glints.com/id/opportunities/jobs/front-office/507625f9-50ab-4709-b9d6-dd793f8a13cb?utm_referrer=explore,507625f9-50ab-4709-b9d6-dd793f8a13cb,full_time,Kerja di kantor,1 – 3 tahun,Minimal SMA/SMK,Customer Service,Customer Service,Customer Service Representative,2024-04-26
Front Office,JAENS SPA,"Ubud, Gianyar, Bali",Kerja di kantor,Rp3jt-Rp5jt,"experience,salary,logo,Positive Attitude,Marketing Communications,Communication Skills",https://glints.com/id/opportunities/jobs/front-office/d6b93014-67b7-4dc4-bb08-dc2082475cf8?utm_referrer=explore,d6b93014-67b7-4dc4-bb08-dc2082475cf8,full_time,Kerja di kantor,1 – 3 tahun,Minimal SMA/SMK,"Hotel, Restaurant & Travel",Hotel,Homestay Host,2024-04-26
Front Office Agent,@K Hotel Kaliurang,"Kapanewon Pakem, Sleman, DI Yogyakarta",Kerja di kantor,Not Written,"experience,logo,Communication Skills,Teamwork,Positive Attitude",https://glints.com/id/opportunities/jobs/front-office-agent/8490d26d-7c8c-4644-8699-551866428f84?utm_referrer=explore,8490d26d-7c8c-4644-8699-551866428f84,full_time,Kerja di kantor,Kurang dari setahun,Minimal SMA/SMK,Arts & Creative,Film & Television Media,Agent,2024-04-26
Front Desk Agent,WOOD HOTEL,"Sukajadi, Bandung, Jawa Barat",Kerja di kantor,Not Written,"experience,logo,Hospitality Management,Customer Service,Customer Satisfaction,Customer Relations",https://glints.com/id/opportunities/jobs/front-desk-agent/82633e30-4bae-4648-b94a-7dbaa352a570?utm_referrer=explore,82633e30-4bae-4648-b94a-7dbaa352a570,full_time,Kerja di kantor,Kurang dari setahun,Minimal SMA/SMK,Administrative & Human Resources,Administrative,Receptionist,2024-04-26
Front Office,"PT. Ulubukit Suluban (Blue Point Bay Villas - Spa, Uluwatu)","Kuta, Badung, Bali",Kerja di kantor,Not Written,"experience,logo,Problem Solving Skills,English Languange,Customer Oriented",https://glints.com/id/opportunities/jobs/front-office/2db91c15-1fdc-4649-971f-f73f10679bd9?utm_referrer=explore,2db91c15-1fdc-4649-971f-f73f10679bd9,full_time,Kerja di kantor,1 – 3 tahun,Minimal Diploma (D1 - D4),Operations,Other Operations,Other Operations Positions,2024-04-26
Front Office,PT. Nanibar Kapital Nusantara Serang,"Serang, Serang, Banten",Kerja di kantor,Not Written,"experience,logo,Communication Skills,Teamwork,Front Office,Microsoft Office",https://glints.com/id/opportunities/jobs/front-office/b18ae2b3-fef8-4cc7-b9a5-d0fd6081df91?utm_referrer=explore,b18ae2b3-fef8-4cc7-b9a5-d0fd6081df91,full_time,Kerja di kantor,1 – 3 tahun,Minimal Diploma (D1 - D4),Administrative & Human Resources,Other Administrative & Human Resources,Other Administrative & Human Resources Positions,2024-04-26
End Point Security Engineer,PT Kalos Anthrope Solusi,"Setiabudi, Jakarta Selatan, DKI Jakarta",Kerja di kantor,Rp6jt-Rp9jt,"experience,salary,logo,Cybersecurity,Computer Networking,Networking",https://glints.com/id/opportunities/jobs/end-point-security-engineer/d4577f50-01e1-4ca0-b4b0-3fd9d562382c?utm_referrer=explore,d4577f50-01e1-4ca0-b4b0-3fd9d562382c,full_time,Kerja di kantor,1 – 3 tahun,Minimal Sarjana (S1),Computer & Information Technology,"Operation, Maintenance & Technical Support",Security Engineer,2024-04-26
Recovery Back End Asset,PT BPR Kredit Mandiri Indonesia,"Tangerang, Tangerang, Banten",Kerja di kantor,Not Written,"experience,logo,Trade Marketing,LinkedIn Marketing,Negotiation Skills",https://glints.com/id/opportunities/jobs/recovery-back-end-asset/e0dc6f50-00a6-4153-bbac-89b6ce41ce8f?utm_referrer=explore,e0dc6f50-00a6-4153-bbac-89b6ce41ce8f,full_time,Kerja di kantor,1 – 3 tahun,Minimal Diploma (D1 - D4),Accounting & Finance,Financial Service,Investment Bankers,2024-04-26
Front Office (Trainee),Abian Harmony Hotel,"Denpasar Selatan, Denpasar, Bali",Kerja di kantor,Not Written,"experience,logo,Teamwork,Attention to Detail,Positive Attitude",https://glints.com/id/opportunities/jobs/front-office-trainee/0c445c3f-df28-46b5-9f60-752a6d8e9c15?utm_referrer=explore,0c445c3f-df28-46b5-9f60-752a6d8e9c15,internship,Kerja di kantor,Kurang dari setahun,Minimal SMA/SMK,"Hotel, Restaurant & Travel",Hotel,Hotel Receptionist,2024-04-26
Senior or intermediate Desainer Interior,Reart,"Batam Kota, Batam, Kepulauan Riau",Kerja di kantor,Not Written,"experience,logo,Microsoft PowerPoint,Adobe Photoshop,Google SketchUp,3D Rendering,AutoCAD",https://glints.com/id/opportunities/jobs/senior-or-intermediate-desainer-interior/16699830-a482-4231-86c0-f4a7e138b2de?utm_referrer=explore,16699830-a482-4231-86c0-f4a7e138b2de,full_time,Kerja di kantor,3 – 5 tahun,Minimal Sarjana (S1),Real Estate & Architecture,Architect & Interior Design,Interior Designer,2024-04-26
Front Office,AO Group,"Kapanewon Gamping, Sleman, DI Yogyakarta",Kerja di kantor,"Rp2,2jt-Rp2,3jt","experience,salary,logo,Customer Service,Strong Communication Skills,Positive Attitude,Interpersonal Skills,Computer Skills",https://glints.com/id/opportunities/jobs/front-office/7201d9b0-84f9-4b6b-bec7-ea15ce243729?utm_referrer=explore,7201d9b0-84f9-4b6b-bec7-ea15ce243729,full_time,Kerja di kantor,1 – 3 tahun,Minimal SMA/SMK,Customer Service,Customer Service,Customer Service Representative,2024-04-26
Front Office,Raditya Holdings,"Kuta Utara, Badung, Bali",Kerja di kantor,"Rp2,5jt-Rp4,5jt","experience,salary,logo,Communication Skills,Customer Service,English Languange",https://glints.com/id/opportunities/jobs/front-office/dc88068c-2138-4d79-9d9a-f4116e655a69?utm_referrer=explore,dc88068c-2138-4d79-9d9a-f4116e655a69,full_time,Kerja di kantor,1 – 3 tahun,Minimal Diploma (D1 - D4),Customer Service,Customer Service,Customer Service Representative,2024-04-26
Front Officer,Chelsea J Indekost by The Packer Lodge,"Banjarsari, Surakarta, Jawa Tengah",Kerja di kantor,Not Written,"experience,logo,Frontliner,Teamwork,Positive Attitude",https://glints.com/id/opportunities/jobs/front-officer/f0bfb253-b1ad-4fce-a415-2eab21db35f2?utm_referrer=explore,f0bfb253-b1ad-4fce-a415-2eab21db35f2,full_time,Kerja di kantor,Kurang dari setahun,Minimal SMA/SMK,"Hotel, Restaurant & Travel",Hotel,Hotel Receptionist,2024-04-26
Front Officer,Seven Group,"Sumur Bandung, Bandung, Jawa Barat",Kerja di kantor,Not Written,"experience,logo,Teamwork,Microsoft Office,Microsoft Excel",https://glints.com/id/opportunities/jobs/front-officer/5bc1a73a-4adf-4326-b220-46a60c354d46?utm_referrer=explore,5bc1a73a-4adf-4326-b220-46a60c354d46,full_time,Kerja di kantor,Kurang dari setahun,Minimal SMA/SMK,Administrative & Human Resources,Human Resources,Happiness Officer,2024-04-26
Front Office,Farmhouse Lembang,"Lembang, Bandung Barat, Jawa Barat",Kerja di kantor,Not Written,"experience,logo,Administration,Microsoft Office,Inisiatif",https://glints.com/id/opportunities/jobs/front-office/95600853-8628-452a-a206-82934bdde11a?utm_referrer=explore,95600853-8628-452a-a206-82934bdde11a,full_time,Kerja di kantor,1 – 3 tahun,Minimal SMA/SMK,Administrative & Human Resources,Other Administrative & Human Resources,Other Administrative & Human Resources Positions,2024-04-26
Front Office,PT Tawada Healthcare,"Kebon Jeruk, Jakarta Barat, DKI Jakarta",Kerja di kantor,Not Written,"experience,logo,Customer Service,Microsoft Excel,Customer Support",https://glints.com/id/opportunities/jobs/front-office/4f13936a-25c1-4f1f-b0c4-c4fa40bfa402?utm_referrer=explore,4f13936a-25c1-4f1f-b0c4-c4fa40bfa402,full_time,Kerja di kantor,1 – 3 tahun,Minimal Diploma (D1 - D4),Administrative & Human Resources,Administrative,Receptionist,2024-04-26
Resepsionist/Front Desk,Terapung Float Club,"Kuta, Badung, Bali",Kerja di kantor,"Rp3jt-Rp3,5jt","experience,salary,logo,Teamwork,Customer Service,English Languange",https://glints.com/id/opportunities/jobs/resepsionist-front-desk/ffede411-b29e-40ea-92bc-20ab578be4b3?utm_referrer=explore,ffede411-b29e-40ea-92bc-20ab578be4b3,full_time,Kerja di kantor,Kurang dari setahun,Minimal SMA/SMK,"Hotel, Restaurant & Travel",Hotel,Hotel Receptionist,2024-04-26
Senior Civil Engineer or MEP Engineer,PT Sunny Garden Property,"Cisauk, Tangerang, Banten",Kerja di kantor,Not Written,"experience,logo,Mechanical,English Languange,AutoCAD,Civil Engineering,Chinese Language,Electricity",https://glints.com/id/opportunities/jobs/senior-civil-engineer-or-mep-engineer/e69dbd97-5043-42cb-bddf-f9528aa673b7?utm_referrer=explore,e69dbd97-5043-42cb-bddf-f9528aa673b7,contract,Kerja di kantor,5 – 10 tahun,Minimal Sarjana (S1),Building & Construction,Engineering Management,Engineering Manager,2024-04-26
Front Desk Agent,Veranda Hotels & Residences,"Kebayoran Baru, Jakarta Selatan, DKI Jakarta",Kerja di kantor,"Rp3jt-Rp5,5jt","experience,salary,logo,Marketing Communications,Customer Service,English Languange",https://glints.com/id/opportunities/jobs/front-desk-agent/cc88036b-01b0-46f4-8640-d41d7e86b65d?utm_referrer=explore,cc88036b-01b0-46f4-8640-d41d7e86b65d,contract,Kerja di kantor,1 – 3 tahun,Minimal Diploma (D1 - D4),"Hotel, Restaurant & Travel",Hotel,Hotel Receptionist,2024-04-26
DW FRONT OFFICE,The Alena Resort,"Kuta Utara, Badung, Bali",Kerja di kantor,Not Written,"experience,logo,Teamwork,Positive Attitude,Frontliner",https://glints.com/id/opportunities/jobs/dw-front-office/00055b01-5ff1-4111-a84c-ab9dcf50b4e6?utm_referrer=explore,00055b01-5ff1-4111-a84c-ab9dcf50b4e6,daily,Kerja di kantor,1 – 3 tahun,Minimal SMA/SMK,"Hotel, Restaurant & Travel","Other Hotel, Restaurant & Travel","Other Hotel, Restaurant & Travel Positions",2024-04-26
Cook and/or Cook Helper,PT Putri Kebun Lestari,"Menteng, Jakarta Pusat, DKI Jakarta",Kerja di kantor,Not Written,"experience,logo,Cook,Memasak Masakan Western,English Languange,Communication Skills,Keterampilan Memotong Makanan,Persiapan Makanan Western",https://glints.com/id/opportunities/jobs/cook-and-or-cook-helper/42362772-2628-4901-8dc6-2cc2afa9e57d?utm_referrer=explore,42362772-2628-4901-8dc6-2cc2afa9e57d,full_time,Kerja di kantor,1 – 3 tahun,Minimal SMA/SMK,"Hotel, Restaurant & Travel","Food, Beverage & Restaurant",Kitchen Staff,2024-04-26
Officer Front Liner,PT Grita Artha Kreamindo (5àsec Indonesia),"Kebayoran Lama, Jakarta Selatan, DKI Jakarta",Kerja di kantor,Not Written,"experience,logo,Customer Service,Positive Attitude,Communication Skills",https://glints.com/id/opportunities/jobs/officer-front-liner/dbebaf8a-899a-4e6b-8b25-1b773badd13b?utm_referrer=explore,dbebaf8a-899a-4e6b-8b25-1b773badd13b,full_time,Kerja di kantor,1 – 3 tahun,Minimal Diploma (D1 - D4),Customer Service,Customer Service,Customer Service Representative,2024-04-26
Front Office (FO),Ederma Clinic Jakarta,"Semarang Selatan, Semarang, Jawa Tengah",Kerja di kantor,Not Written,"experience,logo,Marketing Strategy,Hospitality Management,Sales and Marketing",https://glints.com/id/opportunities/jobs/front-office-fo/e99e71de-8628-4615-8084-0bc10b228014?utm_referrer=explore,e99e71de-8628-4615-8084-0bc10b228014,full_time,Kerja di kantor,1 – 3 tahun,Minimal Diploma (D1 - D4),Healthcare,Nursing,Health Administrator,2024-04-26
Front Desk Agent,Front One King Hotel Tuban,"Tuban, Tuban, Jawa Timur",Kerja di kantor,Not Written,"experience,logo,Sales Strategy,Communication Skills,Frontliner",https://glints.com/id/opportunities/jobs/front-desk-agent/1a551a2e-9c57-46c7-9370-e90102b5062e?utm_referrer=explore,1a551a2e-9c57-46c7-9370-e90102b5062e,full_time,Kerja di kantor,1 – 3 tahun,Minimal Diploma (D1 - D4),"Hotel, Restaurant & Travel","Other Hotel, Restaurant & Travel","Other Hotel, Restaurant & Travel Positions",2024-04-26
Quality Assurance or Software Tester (Automation),PT Kwadran Lima Indonesia,"Cisauk, Tangerang, Banten",Kerja di kantor,Not Written,"experience,logo,Critical Thinking,Selenium WebDriver,Application Development,Automation Testing,Quality Assurance,Katalon",https://glints.com/id/opportunities/jobs/quality-assurance-or-software-tester-automation/65f27c56-0697-465f-9a82-e4cdc878ab93?utm_referrer=explore,65f27c56-0697-465f-9a82-e4cdc878ab93,full_time,Kerja di kantor,1 – 3 tahun,Minimal Diploma (D1 - D4),Others,Others,Others,2024-04-26
Back End Java Developer,PT Pan Asia Teknologi,"Cengkareng, Jakarta Barat, DKI Jakarta",Kerja di kantor,Not Written,"experience,logo,Python,Java Spring Boot,Relational Databases,GIT",https://glints.com/id/opportunities/jobs/back-end-java-developer/8e0710fb-49c3-49d3-8805-0bdf7c92ea10?utm_referrer=explore,8e0710fb-49c3-49d3-8805-0bdf7c92ea10,full_time,Kerja di kantor,1 – 3 tahun,Minimal SMA/SMK,Computer & Information Technology,Software,Developer,2024-04-26
Back End (Golang) Engineer,PT. Solusi Kode Indonesia,"Ciputat, Tangerang Selatan, Banten",Remote/Dari rumah,Not Written,"experience,logo,Back-End Web Development,Go / Golang,Frontend Development,Web Development",https://glints.com/id/opportunities/jobs/back-end-golang-engineer/be653a3d-0112-41ef-9ac6-605a0d7b9236?utm_referrer=explore,be653a3d-0112-41ef-9ac6-605a0d7b9236,full_time,Remote/Dari rumah,1 – 3 tahun,Minimal Sarjana (S1),Computer & Information Technology,Software,Software Engineer,2024-04-26
Resepsionis Front Office,Bali Safe Storage,"Kuta, Badung, Bali",Kerja di kantor,Not Written,"experience,logo,Attention to Detail,Working under pressure,Positive Attitude,Computer Skills,Teamwork,English Languange,Customer Service,Communication Skills,Multitasking",https://glints.com/id/opportunities/jobs/resepsionis-front-office/2662c1c3-ed58-4c0b-bd22-7e7424916c22?utm_referrer=explore,2662c1c3-ed58-4c0b-bd22-7e7424916c22,full_time,Kerja di kantor,1 – 3 tahun,Minimal SMA/SMK,Administrative & Human Resources,Administrative,Receptionist,2024-04-26
Cashier & Front Staff,PT. Bloomery Sekawan Sejahtera,"Semarang Utara, Semarang, Jawa Tengah",Kerja di kantor,Not Written,"experience,logo,Teamwork,Customer Relations,Cash Flow Management",https://glints.com/id/opportunities/jobs/cashier-and-front-staff/0653a1ac-8cd7-4d4d-9715-cb096744a3a7?utm_referrer=explore,0653a1ac-8cd7-4d4d-9715-cb096744a3a7,full_time,Kerja di kantor,Kurang dari setahun,Minimal SMA/SMK,"Hotel, Restaurant & Travel","Food, Beverage & Restaurant",Cashier,2024-04-26
Front office Staff,Unisi Hotel Malioboro,"Kemantren Gedongtengen, Yogyakarta, DI Yogyakarta",Kerja di kantor,"Rp2,5jt-Rp4jt","experience,salary,logo,Leadership Development,English Languange,Communication Skills",https://glints.com/id/opportunities/jobs/front-office-staff/3d28e8b2-6c01-4d50-9e52-03b1d3a7b8eb?utm_referrer=explore,3d28e8b2-6c01-4d50-9e52-03b1d3a7b8eb,full_time,Kerja di kantor,1 – 3 tahun,Minimal SMA/SMK,"Hotel, Restaurant & Travel",Hotel,Hotel Receptionist,2024-04-26
Front Office / Reservation,Balquisse Heritage Hotel,"Kuta Selatan, Badung, Bali",Kerja di kantor,Not Written,"experience,logo,Reservasion ,Communication Skills,Bertanggung Jawab,Teamwork,Guest Relation,Problem Solving Skills,Customer Service,Microsoft Office",https://glints.com/id/opportunities/jobs/front-office-reservation/48bbfee9-5173-4d90-9ab3-ea77a626ca44?utm_referrer=explore,48bbfee9-5173-4d90-9ab3-ea77a626ca44,full_time,Kerja di kantor,1 – 3 tahun,Minimal Diploma (D1 - D4),"Hotel, Restaurant & Travel","Other Hotel, Restaurant & Travel","Other Hotel, Restaurant & Travel Positions",2024-04-26
Front Office Daily Worker,MarsCity Hotel,"Denpasar Selatan, Denpasar, Bali",Kerja di kantor,Not Written,"experience,logo,Customer Satisfaction,Positive Attitude,Teamwork,Attention to Detail,Customer Service,Communication Skills,English Languange",https://glints.com/id/opportunities/jobs/front-office-daily-worker/bc3c5d1d-8829-435e-81fb-06870a0b8994?utm_referrer=explore,bc3c5d1d-8829-435e-81fb-06870a0b8994,daily,Kerja di kantor,1 – 3 tahun,Minimal Diploma (D1 - D4),"Hotel, Restaurant & Travel",Hotel,Hotel Receptionist,2024-04-26
Front Liner Gallery Tasikmalaya,Professional Human Resources,"Tawang, Tasikmalaya, Jawa Barat",Kerja di kantor,"Rp2,8jt-Rp3jt","experience,salary,logo,Strong Communication Skills,Sales and Marketing,Negotiation Skills",https://glints.com/id/opportunities/jobs/front-liner-gallery-tasikmalaya/d6fcff7d-7a1a-4018-a527-a75f0f01b4fe?utm_referrer=explore,d6fcff7d-7a1a-4018-a527-a75f0f01b4fe,contract,Kerja di kantor,Kurang dari setahun,Minimal SMA/SMK,Customer Service,Customer Service,Customer Service Representatives,2024-04-26
FRONT DESK TEAM,Dip & Doze Boutique Hostel,"Kuta Utara, Badung, Bali",Kerja di kantor,Not Written,"experience,logo,Microsoft Office,Time Management,Communication Skills,Customer Satisfaction,Problem Solving Skills,Teamwork,English Languange,Customer Service,Attention to Detail,Positive Attitude",https://glints.com/id/opportunities/jobs/front-desk-team/f93599b0-a306-4959-b967-9e96a98d859e?utm_referrer=explore,f93599b0-a306-4959-b967-9e96a98d859e,full_time,Kerja di kantor,1 – 3 tahun,Minimal SMA/SMK,"Hotel, Restaurant & Travel",Hotel,Hotel Receptionist,2024-04-26
Front Office Staff,BillySan Hair & Beauty Studio,"Kebon Jeruk, Jakarta Barat, DKI Jakarta",Kerja di kantor,Not Written,"experience,logo,Microsoft Office,English Languange,Teamwork",https://glints.com/id/opportunities/jobs/front-office-staff/246478b8-393f-4c3d-a615-9724f74a93b1?utm_referrer=explore,246478b8-393f-4c3d-a615-9724f74a93b1,full_time,Kerja di kantor,1 – 3 tahun,Minimal SMA/SMK,Administrative & Human Resources,Administrative,Receptionist,2024-04-26
Front Office Manager,Gumaya Tower Hotel,"Semarang Tengah, Semarang, Jawa Tengah",Kerja di kantor,Not Written,"experience,logo,Teamwork,Strong Communication Skills,Leadership Development",https://glints.com/id/opportunities/jobs/front-office-manager/af2609a1-01d5-4ef1-bc98-0fed93e84b28?utm_referrer=explore,af2609a1-01d5-4ef1-bc98-0fed93e84b28,full_time,Kerja di kantor,3 – 5 tahun,Minimal Sarjana (S1),"Hotel, Restaurant & Travel",Hotel,Hotel Manager,2024-04-26
Receptionist (Front Desk),PT Emerhub Consulting Indonesia,"Kuta, Badung, Bali",Kerja di kantor,"Rp3,3jt-Rp3,3jt","experience,salary,logo,English Languange,Office Management,Receptionist,General Affairs",https://glints.com/id/opportunities/jobs/receptionist-front-desk/58b1921e-4048-4ff7-b831-dc5cf2e0b512?utm_referrer=explore,58b1921e-4048-4ff7-b831-dc5cf2e0b512,full_time,Kerja di kantor,1 – 3 tahun,Minimal Diploma (D1 - D4),Administrative & Human Resources,Administrative,Receptionist,2024-04-26
Back End Developer - Internship,Tupai Tech,"Laweyan, Surakarta, Jawa Tengah",Remote/Dari rumah,Not Written,"experience,logo,Information Technology,Back-End Web Development,Software Documentation,Problem Solving Skills,Web Development",https://glints.com/id/opportunities/jobs/back-end-developer-internship/5aee1912-2adf-45dd-9eb3-bace3c313865?utm_referrer=explore,5aee1912-2adf-45dd-9eb3-bace3c313865,internship,Remote/Dari rumah,Kurang dari setahun,Minimal SMA/SMK,Computer & Information Technology,Software,Developer,2024-04-26
FRONT OFFICE and ADMINISTRATION,PT Sanco Indonesia,"Kembangan, Jakarta Barat, DKI Jakarta",Kerja di kantor,Not Written,"experience,logo,Marketing Communications,Kerja Sama,Customer Relations,Microsoft Excel",https://glints.com/id/opportunities/jobs/front-office-and-administration/e121e4e9-913a-4d6a-a1aa-b85db88bfd25?utm_referrer=explore,e121e4e9-913a-4d6a-a1aa-b85db88bfd25,full_time,Kerja di kantor,3 – 5 tahun,Minimal SMA/SMK,Administrative & Human Resources,Administrative,Administrative Staff,2024-04-26
Front Office ( Daily Worker),Abian Harmony Hotel,"Denpasar Selatan, Denpasar, Bali",Kerja di kantor,Not Written,"experience,logo,Teamwork,Positive Attitude,Attention to Detail",https://glints.com/id/opportunities/jobs/front-office-daily-worker/3b1dde0b-b305-4748-a1fb-f8ee89cdb589?utm_referrer=explore,3b1dde0b-b305-4748-a1fb-f8ee89cdb589,part_time,Kerja di kantor,Kurang dari setahun,Minimal SMA/SMK,"Hotel, Restaurant & Travel",Hotel,Hotel Receptionist,2024-04-26
Front Office Ambengan,PT. Indo Sehat Abadi,"Gubeng, Surabaya, Jawa Timur",Kerja di kantor,Rp4jt,"experience,salary,logo,Customer Relations,Account Management,Customer Experience",https://glints.com/id/opportunities/jobs/front-office-ambengan/de6ba233-a984-4e76-b78c-024f57cf5b2f?utm_referrer=explore,de6ba233-a984-4e76-b78c-024f57cf5b2f,full_time,Kerja di kantor,1 – 3 tahun,Minimal Sarjana (S1),Customer Service,Customer Service,Customer Service Representative,2024-04-26
Front Desk Agent,Yello Hotels Harmoni,"Gambir, Jakarta Pusat, DKI Jakarta",Kerja di kantor,Not Written,"experience,logo,Customer Service,Teamwork,Knowledge F&B",https://glints.com/id/opportunities/jobs/front-desk-agent/80358044-2199-4518-8e95-56ad0a9c233b?utm_referrer=explore,80358044-2199-4518-8e95-56ad0a9c233b,full_time,Kerja di kantor,1 – 3 tahun,Minimal SMA/SMK,Administrative & Human Resources,Administrative,Receptionist,2024-04-26
Front Office Staff,Merak Village Ubud,"Ubud, Gianyar, Bali",Kerja di kantor,Not Written,"experience,logo,Teamwork,English Languange,Customer Service",https://glints.com/id/opportunities/jobs/front-office-staff/5296a660-0855-4c58-888a-42c9108e9e0d?utm_referrer=explore,5296a660-0855-4c58-888a-42c9108e9e0d,full_time,Kerja di kantor,1 – 3 tahun,Minimal SMA/SMK,Customer Service,Customer Service,Customer Service Representative,2024-04-26
Admin Front Office,Start Space Coworking Space,"Pal Merah, Jakarta Barat, DKI Jakarta",Kerja di kantor,"Rp2,5jt-Rp5jt","experience,salary,logo,Shift Rotation,Customer Service,Microsoft Office,Shifting,Customer Experience,Handling Complain,Berpenampilan Menarik",https://glints.com/id/opportunities/jobs/admin-front-office/22721a13-f884-41a2-9f85-721bd5ffe3b1?utm_referrer=explore,22721a13-f884-41a2-9f85-721bd5ffe3b1,full_time,Kerja di kantor,1 – 3 tahun,Minimal SMA/SMK,Administrative & Human Resources,Administrative,Administrative Staff,2024-04-26
Front Office Semarang,AO Group,"Gajah Mungkur, Semarang, Jawa Tengah",Kerja di kantor,Not Written,"experience,logo,Strong Communication Skills,Teamwork,Computer Skills,Positive Attitude",https://glints.com/id/opportunities/jobs/front-office-semarang/3cf2cd82-845a-4862-ba14-cda422936a32?utm_referrer=explore,3cf2cd82-845a-4862-ba14-cda422936a32,full_time,Kerja di kantor,1 – 3 tahun,Minimal SMA/SMK,Customer Service,Customer Service,Customer Service Representative,2024-04-26
Trainee Front Office,Grand Mirage Resort & Thalasso Bali,"Kuta Selatan, Badung, Bali",Kerja di kantor,Not Written,"experience,logo,Teamwork,Frontliner,Front Office",https://glints.com/id/opportunities/jobs/trainee-front-office/95edd43f-01ae-4f8e-9d5e-71df2d4cde9e?utm_referrer=explore,95edd43f-01ae-4f8e-9d5e-71df2d4cde9e,full_time,Kerja di kantor,1 – 3 tahun,Minimal SMA/SMK,"Hotel, Restaurant & Travel","Other Hotel, Restaurant & Travel","Other Hotel, Restaurant & Travel Positions",2024-04-26
Welcome (Front Office) Trainee,W BALI SEMINYAK,"Kuta, Badung, Bali",Kerja di kantor,Not Written,"logo,Training,Customer Service,Frontliner",https://glints.com/id/opportunities/jobs/welcome-front-office-trainee/0326f67c-e088-414a-a93d-05818a5fde88?utm_referrer=explore,0326f67c-e088-414a-a93d-05818a5fde88,internship,Kerja di kantor,Minimal SMA/SMK,Training,"Hotel, Restaurant & Travel",Hotel,Hotel Receptionist,2024-04-26
Front Office - Staff,The Hamsa Bali Resort,"Buleleng, Buleleng, Bali",Kerja di kantor,Not Written,"experience,logo,Computer Skills,English Languange,Hospitality Management,Multitasking,Communication Skills,Teamwork,Positive Attitude",https://glints.com/id/opportunities/jobs/front-office-staff/f63b04b3-e9a9-4310-b8e4-e156f418f2a5?utm_referrer=explore,f63b04b3-e9a9-4310-b8e4-e156f418f2a5,full_time,Kerja di kantor,Kurang dari setahun,Minimal SMA/SMK,"Hotel, Restaurant & Travel",Hotel,Hotel Receptionist,2024-04-26
Front Desk Agent,Seven Group,"Babakan Ciparay, Bandung, Jawa Barat",Kerja di kantor,Not Written,"experience,logo,Microsoft Excel,Microsoft Office,Teamwork",https://glints.com/id/opportunities/jobs/front-desk-agent/7f77872d-d8a0-4f7a-8520-4f5266cadb1f?utm_referrer=explore,7f77872d-d8a0-4f7a-8520-4f5266cadb1f,full_time,Kerja di kantor,Kurang dari setahun,Minimal SMA/SMK,Arts & Creative,Film & Television Media,Agent,2024-04-26
Node JS – Back end Developer,PT Code Development Indonesia,"Setiabudi, Jakarta Selatan, DKI Jakarta",Kerja di kantor,Not Written,"experience,logo,REST API,Node.js,JavaScript",https://glints.com/id/opportunities/jobs/node-js-back-end-developer/81532921-1b11-4d94-b660-c603265a1f56?utm_referrer=explore,81532921-1b11-4d94-b660-c603265a1f56,full_time,Kerja di kantor,3 – 5 tahun,Minimal Sarjana (S1),Computer & Information Technology,Other Computer & Information Technology,Information Technology Staff,2024-04-26
Kasir/Front Office,PT. Kusuma Sampurna Mulia (Kusuma Beauty Clinic),"Tangerang, Tangerang, Banten",Kerja di kantor,"Rp3jt-Rp3,5jt","experience,salary,logo,Marketing Communications,Communication Skills,Microsoft Office",https://glints.com/id/opportunities/jobs/kasir-front-office/6c0409ee-734c-4f16-988c-19f9be3de46a?utm_referrer=explore,6c0409ee-734c-4f16-988c-19f9be3de46a,full_time,Kerja di kantor,Kurang dari setahun,Minimal SMA/SMK,"Hotel, Restaurant & Travel","Food, Beverage & Restaurant",Cashier,2024-04-26
Marketing Coordinator (East or Central Jakarta Placement),Migunani&Co,"Pulogadung, Jakarta Timur, DKI Jakarta",Kerja di kantor,Rp100rb-Rp7jt,"experience,salary,logo,B2B Marketing,Sales Strategy,Inbound Marketing,Marketing Management,Marketing Strategy,Data Analytics",https://glints.com/id/opportunities/jobs/marketing-coordinator-east-or-central-jakarta-placement/5abd819c-e73d-4a66-9bc1-07f8f3dbf03c?utm_referrer=explore,5abd819c-e73d-4a66-9bc1-07f8f3dbf03c,full_time,Kerja di kantor,1 – 3 tahun,Minimal Sarjana (S1),Marketing,Marketing,Growth Marketing,2024-04-26
Director of Marketing and Operations (Local or Expatriate),The Jakarta Consulting Group,"Cikarang Utara, Bekasi, Jawa Barat",Kerja di kantor,Not Written,"experience,logo,Chinese Language,Nickel,Initial Public Offering,Budgeting,Zinc,English Languange,Japanese Language,Ferrite,Forecast",https://glints.com/id/opportunities/jobs/director-of-marketing-and-operations-local-or-expatriate/43277ca0-3b89-4ee3-9744-e6711a61f2d5?utm_referrer=explore,43277ca0-3b89-4ee3-9744-e6711a61f2d5,full_time,Kerja di kantor,5 – 10 tahun,Minimal Sarjana (S1),Operations,Operations,Business Operations Director,2024-04-26
Backend Developer (Java Springboot for Banking or Insurance),PT Sigma Global Teknologi,"Setiabudi, Jakarta Selatan, DKI Jakarta",Kerja di kantor,Rp10jt-Rp16jt,"experience,salary,logo,JavaScript,React.js,Angular.js,Spring Framework,Java,React Native",https://glints.com/id/opportunities/jobs/backend-developer-java-springboot-for-banking-or-insurance/d6a56e16-2628-4a64-b17a-4208d615272a?utm_referrer=explore,d6a56e16-2628-4a64-b17a-4208d615272a,contract,Kerja di kantor,3 – 5 tahun,Minimal Sarjana (S1),Computer & Information Technology,Backend Development,Backend Developer,2024-04-26
Front Office Manager (Placement Lampung),Talent Fit Indonesia,"Kedaton, Bandar Lampung, Lampung",Kerja di kantor,Not Written,"experience,logo,Excellent Leadership Skill,Working under pressure,Communication Skills",https://glints.com/id/opportunities/jobs/front-office-manager-placement-lampung/16c344a5-c14d-4fbe-aca5-24d7ce205037?utm_referrer=explore,16c344a5-c14d-4fbe-aca5-24d7ce205037,full_time,Kerja di kantor,3 – 5 tahun,Minimal Sarjana (S1),Administrative & Human Resources,Administrative,Receptionist,2024-04-26
Front Office - Administrasi Pendaftaran,RS UniMedika Sepatan Tangerang,"Sepatan, Tangerang, Banten",Kerja di kantor,Not Written,"experience,logo,Accounting,Communication Skills,Teamwork,Administration,Microsoft Word",https://glints.com/id/opportunities/jobs/front-office-administrasi-pendaftaran/7119ef6a-a5aa-41ca-abfa-9613a1613d1e?utm_referrer=explore,7119ef6a-a5aa-41ca-abfa-9613a1613d1e,full_time,Kerja di kantor,1 – 3 tahun,Minimal Diploma (D1 - D4),Administrative & Human Resources,Administrative,Administrative Staff,2024-04-26
Front Office - Jakarta Utara,CV. Kukche Mitra Sukses,"Kelapa Gading, Jakarta Utara, DKI Jakarta",Kerja di kantor,"Rp2,5jt-Rp3jt","experience,salary,logo,Strong Communication Skills,Administration,Microsoft Office",https://glints.com/id/opportunities/jobs/front-office-jakarta-utara/8a3955e5-cf22-49d4-a32c-9bdb51fc8bc7?utm_referrer=explore,8a3955e5-cf22-49d4-a32c-9bdb51fc8bc7,full_time,Kerja di kantor,1 – 3 tahun,Minimal SMA/SMK,Education & Training,Teacher,Teacher,2024-04-26
Pastry & Front Staff (Semarang),PT. Bloomery Sekawan Sejahtera,"Semarang Utara, Semarang, Jawa Tengah",Kerja di kantor,Not Written,"experience,logo,Teamwork,Pastry,Customer Service",https://glints.com/id/opportunities/jobs/pastry-and-front-staff-semarang/a235cb9c-c71e-496b-b77d-c7d2a4cdc004?utm_referrer=explore,a235cb9c-c71e-496b-b77d-c7d2a4cdc004,full_time,Kerja di kantor,Kurang dari setahun,Minimal SMA/SMK,"Hotel, Restaurant & Travel","Food, Beverage & Restaurant",Chef,2024-04-26
SENIOR SALES AND MARKETING FOR HIGH END FURNITURE,PT. Southhampton Furnitur Indonesia,"Tanah Abang, Jakarta Pusat, DKI Jakarta",Kerja di kantor,Rp8jt-Rp9jt,"experience,salary,logo,Sales Operations,Sales Strategy,Sales and Marketing",https://glints.com/id/opportunities/jobs/senior-sales-and-marketing-for-high-end-furniture/c9ca2a45-5f60-4110-ac6a-b5d1b9f2e660?utm_referrer=explore,c9ca2a45-5f60-4110-ac6a-b5d1b9f2e660,full_time,Kerja di kantor,5 – 10 tahun,Minimal Diploma (D1 - D4),Business Development & Sales,Sales,Sales Consultant,2024-04-26
Cabin Staff (Multi roles as Front Office&Housekeeping)-Karawaci,SG8 Group,"Sukadiri, Tangerang, Banten",Kerja di kantor,"Rp2,5jt-Rp2,8jt","experience,salary,logo,Teamwork,Attention to Detail,Hospitality Management",https://glints.com/id/opportunities/jobs/cabin-staff-multi-roles-as-front-office-and-housekeeping-karawaci/92f36991-361a-4405-9b02-217c9a7c3ae8?utm_referrer=explore,92f36991-361a-4405-9b02-217c9a7c3ae8,full_time,Kerja di kantor,1 – 3 tahun,Minimal SMP,Services Industry,Housekeeping,Housekeeper,2024-04-26
,,,,,,,,,,,,Computer & Information Technology,,,
